Year,Host,Team,Goals_Scored,Goals_Conceded,Goal_Differential,Points,Is_Host
2022,Qatar,Argentina,3,3,0,1,False
2022,Qatar,Croatia,2,1,1,3,False
2022,Qatar,France,2,0,2,3,False
2022,Qatar,Argentina,3,0,3,3,False
2022,Qatar,Morocco,1,0,1,3,False
2022,Qatar,England,1,2,-1,0,False
2022,Qatar,Croatia,1,1,0,1,False
2022,Qatar,Netherlands,2,2,0,1,False
2022,Qatar,Morocco,0,0,0,1,False
2022,Qatar,Portugal,6,1,5,3,False
2022,Qatar,Japan,1,1,0,1,False
2022,Qatar,Brazil,4,1,3,3,False
2022,Qatar,France,3,1,2,3,False
2022,Qatar,England,3,0,3,3,False
2022,Qatar,Netherlands,3,1,2,3,False
2022,Qatar,Argentina,2,1,1,3,False
2022,Qatar,Korea Republic,2,1,1,3,False
2022,Qatar,Ghana,0,2,-2,0,False
2022,Qatar,Cameroon,1,0,1,3,False
2022,Qatar,Serbia,2,3,-1,0,False
2022,Qatar,Canada,1,2,-1,0,False
2022,Qatar,Croatia,0,0,0,1,False
2022,Qatar,Costa Rica,2,4,-2,0,False
2022,Qatar,Japan,2,1,1,3,False
2022,Qatar,Australia,1,0,1,3,False
2022,Qatar,Tunisia,1,0,1,3,False
2022,Qatar,Saudi Arabia,1,2,-1,0,False
2022,Qatar,Poland,0,2,-2,0,False
2022,Qatar,Ecuador,1,2,-1,0,False
2022,Qatar,Netherlands,2,0,2,3,False
2022,Qatar,IR Iran,0,1,-1,0,False
2022,Qatar,Wales,0,3,-3,0,False
2022,Qatar,Cameroon,3,3,0,1,False
2022,Qatar,Korea Republic,2,3,-1,0,False
2022,Qatar,Brazil,1,0,1,3,False
2022,Qatar,Portugal,2,0,2,3,False
2022,Qatar,Japan,0,1,-1,0,False
2022,Qatar,Belgium,0,2,-2,0,False
2022,Qatar,Croatia,4,1,3,3,False
2022,Qatar,Spain,1,1,0,1,False
2022,Qatar,Tunisia,0,1,-1,0,False
2022,Qatar,Poland,2,0,2,3,False
2022,Qatar,France,2,1,1,3,False
2022,Qatar,Argentina,2,0,2,3,False
2022,Qatar,Wales,0,2,-2,0,False
2022,Qatar,Qatar,1,3,-2,0,True
2022,Qatar,Netherlands,1,1,0,1,False
2022,Qatar,England,0,0,0,1,False
2022,Qatar,Switzerland,1,0,1,3,False
2022,Qatar,Uruguay,0,0,0,1,False
2022,Qatar,Portugal,3,2,1,3,False
2022,Qatar,Brazil,2,0,2,3,False
2022,Qatar,Morocco,0,0,0,1,False
2022,Qatar,Germany,1,2,-1,0,False
2022,Qatar,Spain,7,0,7,3,False
2022,Qatar,Belgium,1,0,1,3,False
2022,Qatar,Argentina,1,2,-1,0,False
2022,Qatar,Denmark,0,0,0,1,False
2022,Qatar,Mexico,0,0,0,1,False
2022,Qatar,France,4,1,3,3,False
2022,Qatar,England,6,2,4,3,False
2022,Qatar,Senegal,0,2,-2,0,False
2022,Qatar,United States,1,1,0,1,False
2022,Qatar,Qatar,0,2,-2,0,True
2018,Russia,France,4,2,2,3,False
2018,Russia,Belgium,2,0,2,3,False
2018,Russia,Croatia,2,1,1,3,False
2018,Russia,France,1,0,1,3,False
2018,Russia,Sweden,0,2,-2,0,False
2018,Russia,Russia,2,2,0,1,True
2018,Russia,Uruguay,0,2,-2,0,False
2018,Russia,Brazil,1,2,-1,0,False
2018,Russia,Sweden,1,0,1,3,False
2018,Russia,Colombia,1,1,0,1,False
2018,Russia,Brazil,2,0,2,3,False
2018,Russia,Belgium,3,2,1,3,False
2018,Russia,Spain,1,1,0,1,False
2018,Russia,Croatia,1,1,0,1,False
2018,Russia,France,4,3,1,3,False
2018,Russia,Uruguay,2,1,1,3,False
2018,Russia,Japan,0,1,-1,0,False
2018,Russia,Senegal,0,1,-1,0,False
2018,Russia,England,0,1,-1,0,False
2018,Russia,Panama,1,2,-1,0,False
2018,Russia,Korea Republic,2,0,2,3,False
2018,Russia,Mexico,0,3,-3,0,False
2018,Russia,Switzerland,2,2,0,1,False
2018,Russia,Serbia,0,2,-2,0,False
2018,Russia,Australia,0,2,-2,0,False
2018,Russia,Denmark,0,0,0,1,False
2018,Russia,Iceland,1,2,-1,0,False
2018,Russia,Nigeria,1,2,-1,0,False
2018,Russia,Saudi Arabia,2,1,1,3,False
2018,Russia,Uruguay,3,0,3,3,False
2018,Russia,Spain,2,2,0,1,False
2018,Russia,IR Iran,1,1,0,1,False
2018,Russia,England,6,1,5,3,False
2018,Russia,Japan,2,2,0,1,False
2018,Russia,Poland,0,3,-3,0,False
2018,Russia,Belgium,5,2,3,3,False
2018,Russia,Korea Republic,1,2,-1,0,False
2018,Russia,Germany,2,1,1,3,False
2018,Russia,Brazil,2,0,2,3,False
2018,Russia,Nigeria,2,0,2,3,False
2018,Russia,Serbia,1,2,-1,0,False
2018,Russia,Denmark,1,1,0,1,False
2018,Russia,France,1,0,1,3,False
2018,Russia,Argentina,0,3,-3,0,False
2018,Russia,Portugal,1,0,1,3,False
2018,Russia,Uruguay,1,0,1,3,False
2018,Russia,IR Iran,0,1,-1,0,False
2018,Russia,Colombia,1,2,-1,0,False
2018,Russia,Poland,1,2,-1,0,False
2018,Russia,Russia,3,1,2,3,True
2018,Russia,Sweden,1,0,1,3,False
2018,Russia,Belgium,3,0,3,3,False
2018,Russia,Tunisia,1,2,-1,0,False
2018,Russia,Costa Rica,0,1,-1,0,False
2018,Russia,Germany,0,1,-1,0,False
2018,Russia,Brazil,1,1,0,1,False
2018,Russia,France,2,1,1,3,False
2018,Russia,Argentina,1,1,0,1,False
2018,Russia,Peru,0,1,-1,0,False
2018,Russia,Croatia,2,0,2,3,False
2018,Russia,Egypt,0,1,-1,0,False
2018,Russia,Morocco,0,1,-1,0,False
2018,Russia,Portugal,3,3,0,1,False
2018,Russia,Russia,5,0,5,3,True
2014,Brazil,Germany,1,0,1,3,False
2014,Brazil,Brazil,0,3,-3,0,True
2014,Brazil,Netherlands,0,0,0,1,False
2014,Brazil,Brazil,1,7,-6,0,True
2014,Brazil,Argentina,1,0,1,3,False
2014,Brazil,Netherlands,0,0,0,1,False
2014,Brazil,France,0,1,-1,0,False
2014,Brazil,Brazil,2,1,1,3,True
2014,Brazil,Argentina,1,0,1,3,False
2014,Brazil,Belgium,2,1,1,3,False
2014,Brazil,France,2,0,2,3,False
2014,Brazil,Germany,2,1,1,3,False
2014,Brazil,Netherlands,2,1,1,3,False
2014,Brazil,Costa Rica,1,1,0,1,False
2014,Brazil,Brazil,1,1,0,1,True
2014,Brazil,Colombia,2,0,2,3,False
2014,Brazil,United States,0,1,-1,0,False
2014,Brazil,Portugal,2,1,1,3,False
2014,Brazil,Korea Republic,0,1,-1,0,False
2014,Brazil,Algeria,1,1,0,1,False
2014,Brazil,Bosnia and Herzegovina,3,1,2,3,False
2014,Brazil,Nigeria,2,3,-1,0,False
2014,Brazil,Honduras,0,3,-3,0,False
2014,Brazil,Ecuador,0,0,0,1,False
2014,Brazil,Costa Rica,0,0,0,1,False
2014,Brazil,Italy,0,1,-1,0,False
2014,Brazil,Japan,1,4,-3,0,False
2014,Brazil,Greece,2,1,1,3,False
2014,Brazil,Australia,0,3,-3,0,False
2014,Brazil,Netherlands,2,0,2,3,False
2014,Brazil,Croatia,1,3,-2,0,False
2014,Brazil,Cameroon,1,4,-3,0,False
2014,Brazil,Belgium,1,0,1,3,False
2014,Brazil,Korea Republic,2,4,-2,0,False
2014,Brazil,United States,2,2,0,1,False
2014,Brazil,Argentina,1,0,1,3,False
2014,Brazil,Germany,2,2,0,1,False
2014,Brazil,Nigeria,1,0,1,3,False
2014,Brazil,Italy,0,1,-1,0,False
2014,Brazil,Switzerland,2,5,-3,0,False
2014,Brazil,Honduras,1,2,-1,0,False
2014,Brazil,Colombia,2,1,1,3,False
2014,Brazil,Uruguay,2,1,1,3,False
2014,Brazil,Japan,0,0,0,1,False
2014,Brazil,Australia,2,3,-1,0,False
2014,Brazil,Spain,0,2,-2,0,False
2014,Brazil,Cameroon,0,4,-4,0,False
2014,Brazil,Belgium,2,1,1,3,False
2014,Brazil,Brazil,0,0,0,1,True
2014,Brazil,Russia,1,1,0,1,False
2014,Brazil,Germany,4,0,4,3,False
2014,Brazil,IR Iran,0,0,0,1,False
2014,Brazil,Ghana,1,2,-1,0,False
2014,Brazil,Switzerland,2,1,1,3,False
2014,Brazil,France,3,0,3,3,False
2014,Brazil,Argentina,2,1,1,3,False
2014,Brazil,Colombia,3,0,3,3,False
2014,Brazil,Uruguay,1,3,-2,0,False
2014,Brazil,England,1,2,-1,0,False
2014,Brazil,Côte d'Ivoire,2,1,1,3,False
2014,Brazil,Mexico,1,0,1,3,False
2014,Brazil,Spain,1,5,-4,0,False
2014,Brazil,Chile,3,1,2,3,False
2014,Brazil,Brazil,3,1,2,3,True
2010,South Africa,Netherlands,0,1,-1,0,False
2010,South Africa,Uruguay,2,3,-1,0,False
2010,South Africa,Germany,0,1,-1,0,False
2010,South Africa,Uruguay,2,3,-1,0,False
2010,South Africa,Argentina,0,4,-4,0,False
2010,South Africa,Paraguay,0,1,-1,0,False
2010,South Africa,Netherlands,2,1,1,3,False
2010,South Africa,Uruguay,1,1,0,1,False
2010,South Africa,Paraguay,0,0,0,1,False
2010,South Africa,Spain,1,0,1,3,False
2010,South Africa,Netherlands,2,1,1,3,False
2010,South Africa,Brazil,3,0,3,3,False
2010,South Africa,Germany,4,1,3,3,False
2010,South Africa,Argentina,3,1,2,3,False
2010,South Africa,Uruguay,2,1,1,3,False
2010,South Africa,United States,1,2,-1,0,False
2010,South Africa,Portugal,0,0,0,1,False
2010,South Africa,Korea DPR,0,3,-3,0,False
2010,South Africa,Chile,1,2,-1,0,False
2010,South Africa,Switzerland,0,0,0,1,False
2010,South Africa,Paraguay,0,0,0,1,False
2010,South Africa,Slovakia,3,2,1,3,False
2010,South Africa,Denmark,1,3,-2,0,False
2010,South Africa,Cameroon,1,2,-1,0,False
2010,South Africa,Slovenia,0,1,-1,0,False
2010,South Africa,United States,1,0,1,3,False
2010,South Africa,Ghana,0,1,-1,0,False
2010,South Africa,Australia,2,1,1,3,False
2010,South Africa,Mexico,0,1,-1,0,False
2010,South Africa,France,1,2,-1,0,False
2010,South Africa,Nigeria,2,2,0,1,False
2010,South Africa,Greece,0,2,-2,0,False
2010,South Africa,Portugal,7,0,7,3,False
2010,South Africa,Chile,1,0,1,3,False
2010,South Africa,Spain,2,0,2,3,False
2010,South Africa,Slovakia,0,2,-2,0,False
2010,South Africa,Italy,1,1,0,1,False
2010,South Africa,Brazil,3,1,2,3,False
2010,South Africa,Netherlands,1,0,1,3,False
2010,South Africa,Ghana,1,1,0,1,False
2010,South Africa,Cameroon,1,2,-1,0,False
2010,South Africa,Germany,0,1,-1,0,False
2010,South Africa,Slovenia,2,2,0,1,False
2010,South Africa,England,0,0,0,1,False
2010,South Africa,Argentina,4,1,3,3,False
2010,South Africa,Greece,2,1,1,3,False
2010,South Africa,France,0,2,-2,0,False
2010,South Africa,Honduras,0,1,-1,0,False
2010,South Africa,Spain,0,1,-1,0,False
2010,South Africa,South Africa,0,3,-3,0,True
2010,South Africa,New Zealand,1,1,0,1,False
2010,South Africa,Côte d'Ivoire,0,0,0,1,False
2010,South Africa,Brazil,2,1,1,3,False
2010,South Africa,Netherlands,2,0,2,3,False
2010,South Africa,Japan,1,0,1,3,False
2010,South Africa,Italy,1,1,0,1,False
2010,South Africa,Algeria,0,1,-1,0,False
2010,South Africa,Serbia,0,1,-1,0,False
2010,South Africa,Germany,4,0,4,3,False
2010,South Africa,Korea Republic,2,0,2,3,False
2010,South Africa,Argentina,1,0,1,3,False
2010,South Africa,England,1,1,0,1,False
2010,South Africa,South Africa,1,1,0,1,True
2010,South Africa,Uruguay,0,0,0,1,False
2006,Germany,Italy,1,1,0,1,False
2006,Germany,Germany,3,1,2,3,True
2006,Germany,Portugal,0,1,-1,0,False
2006,Germany,Germany,0,2,-2,0,True
2006,Germany,England,0,0,0,1,False
2006,Germany,Brazil,0,1,-1,0,False
2006,Germany,Germany,1,1,0,1,True
2006,Germany,Italy,3,0,3,3,False
2006,Germany,Brazil,3,0,3,3,False
2006,Germany,Spain,1,3,-2,0,False
2006,Germany,Italy,1,0,1,3,False
2006,Germany,Switzerland,0,0,0,1,False
2006,Germany,England,1,0,1,3,False
2006,Germany,Portugal,1,0,1,3,False
2006,Germany,Germany,2,0,2,3,True
2006,Germany,Argentina,2,1,1,3,False
2006,Germany,Saudi Arabia,0,1,-1,0,False
2006,Germany,Ukraine,1,0,1,3,False
2006,Germany,Togo,0,2,-2,0,False
2006,Germany,Switzerland,2,0,2,3,False
2006,Germany,Ghana,2,1,1,3,False
2006,Germany,Czech Republic,0,2,-2,0,False
2006,Germany,Japan,1,4,-3,0,False
2006,Germany,Croatia,2,2,0,1,False
2006,Germany,Portugal,2,1,1,3,False
2006,Germany,IR Iran,1,1,0,1,False
2006,Germany,Côte d'Ivoire,3,2,1,3,False
2006,Germany,Netherlands,0,0,0,1,False
2006,Germany,Costa Rica,1,2,-1,0,False
2006,Germany,Ecuador,0,3,-3,0,False
2006,Germany,Paraguay,2,0,2,3,False
2006,Germany,Sweden,2,2,0,1,False
2006,Germany,Togo,0,2,-2,0,False
2006,Germany,Saudi Arabia,0,4,-4,0,False
2006,Germany,Spain,3,1,2,3,False
2006,Germany,Japan,0,0,0,1,False
2006,Germany,Brazil,2,0,2,3,False
2006,Germany,France,1,1,0,1,False
2006,Germany,Portugal,2,0,2,3,False
2006,Germany,Czech Republic,0,2,-2,0,False
2006,Germany,Italy,1,1,0,1,False
2006,Germany,Argentina,6,0,6,3,False
2006,Germany,Netherlands,2,1,1,3,False
2006,Germany,Mexico,0,0,0,1,False
2006,Germany,Ecuador,3,0,3,3,False
2006,Germany,England,2,0,2,3,False
2006,Germany,Sweden,1,0,1,3,False
2006,Germany,Spain,4,0,4,3,False
2006,Germany,Tunisia,2,2,0,1,False
2006,Germany,Germany,1,0,1,3,True
2006,Germany,Korea Republic,2,1,1,3,False
2006,Germany,France,0,0,0,1,False
2006,Germany,Brazil,1,0,1,3,False
2006,Germany,Australia,3,1,2,3,False
2006,Germany,United States,0,3,-3,0,False
2006,Germany,Italy,2,0,2,3,False
2006,Germany,Serbia and Montenegro,0,1,-1,0,False
2006,Germany,Mexico,3,1,2,3,False
2006,Germany,Angola,0,1,-1,0,False
2006,Germany,England,1,0,1,3,False
2006,Germany,Trinidad and Tobago,0,0,0,1,False
2006,Germany,Argentina,2,1,1,3,False
2006,Germany,Germany,4,2,2,3,True
2006,Germany,Poland,0,2,-2,0,False
2002,"Korea Republic, Japan",Germany,0,2,-2,0,False
2002,"Korea Republic, Japan",Korea Republic,2,3,-1,0,False
2002,"Korea Republic, Japan",Brazil,1,0,1,3,False
2002,"Korea Republic, Japan",Germany,1,0,1,3,False
2002,"Korea Republic, Japan",Spain,0,0,0,1,False
2002,"Korea Republic, Japan",Senegal,0,1,-1,0,False
2002,"Korea Republic, Japan",England,1,2,-1,0,False
2002,"Korea Republic, Japan",Germany,1,0,1,3,False
2002,"Korea Republic, Japan",Japan,0,1,-1,0,False
2002,"Korea Republic, Japan",Korea Republic,2,1,1,3,False
2002,"Korea Republic, Japan",Mexico,0,2,-2,0,False
2002,"Korea Republic, Japan",Brazil,2,0,2,3,False
2002,"Korea Republic, Japan",Sweden,1,2,-1,0,False
2002,"Korea Republic, Japan",Spain,1,1,0,1,False
2002,"Korea Republic, Japan",Germany,1,0,1,3,False
2002,"Korea Republic, Japan",Denmark,0,3,-3,0,False
2002,"Korea Republic, Japan",Tunisia,0,2,-2,0,False
2002,"Korea Republic, Japan",Belgium,3,2,1,3,False
2002,"Korea Republic, Japan",Portugal,0,1,-1,0,False
2002,"Korea Republic, Japan",Poland,3,1,2,3,False
2002,"Korea Republic, Japan",Costa Rica,2,5,-3,0,False
2002,"Korea Republic, Japan",Türkiye,3,0,3,3,False
2002,"Korea Republic, Japan",Mexico,1,1,0,1,False
2002,"Korea Republic, Japan",Ecuador,1,0,1,3,False
2002,"Korea Republic, Japan",Sweden,1,1,0,1,False
2002,"Korea Republic, Japan",Nigeria,0,0,0,1,False
2002,"Korea Republic, Japan",South Africa,2,3,-1,0,False
2002,"Korea Republic, Japan",Slovenia,1,3,-2,0,False
2002,"Korea Republic, Japan",Denmark,2,0,2,3,False
2002,"Korea Republic, Japan",Senegal,3,3,0,1,False
2002,"Korea Republic, Japan",Saudi Arabia,0,3,-3,0,False
2002,"Korea Republic, Japan",Cameroon,0,2,-2,0,False
2002,"Korea Republic, Japan",Korea Republic,1,1,0,1,False
2002,"Korea Republic, Japan",Tunisia,1,1,0,1,False
2002,"Korea Republic, Japan",Portugal,4,0,4,3,False
2002,"Korea Republic, Japan",Mexico,2,1,1,3,False
2002,"Korea Republic, Japan",Costa Rica,1,1,0,1,False
2002,"Korea Republic, Japan",Japan,1,0,1,3,False
2002,"Korea Republic, Japan",South Africa,1,0,1,3,False
2002,"Korea Republic, Japan",Italy,1,2,-1,0,False
2002,"Korea Republic, Japan",Brazil,4,0,4,3,False
2002,"Korea Republic, Japan",Sweden,2,1,1,3,False
2002,"Korea Republic, Japan",Spain,3,1,2,3,False
2002,"Korea Republic, Japan",Argentina,0,1,-1,0,False
2002,"Korea Republic, Japan",Denmark,1,1,0,1,False
2002,"Korea Republic, Japan",Cameroon,1,0,1,3,False
2002,"Korea Republic, Japan",France,0,0,0,1,False
2002,"Korea Republic, Japan",Russia,2,0,2,3,False
2002,"Korea Republic, Japan",United States,3,2,1,3,False
2002,"Korea Republic, Japan",Germany,1,1,0,1,False
2002,"Korea Republic, Japan",China PR,0,2,-2,0,False
2002,"Korea Republic, Japan",Japan,2,2,0,1,False
2002,"Korea Republic, Japan",Korea Republic,2,0,2,3,False
2002,"Korea Republic, Japan",Croatia,0,1,-1,0,False
2002,"Korea Republic, Japan",Brazil,2,1,1,3,False
2002,"Korea Republic, Japan",Italy,2,0,2,3,False
2002,"Korea Republic, Japan",Argentina,1,0,1,3,False
2002,"Korea Republic, Japan",Paraguay,2,2,0,1,False
2002,"Korea Republic, Japan",England,1,1,0,1,False
2002,"Korea Republic, Japan",Spain,3,1,2,3,False
2002,"Korea Republic, Japan",Republic of Ireland,1,1,0,1,False
2002,"Korea Republic, Japan",Uruguay,1,2,-1,0,False
2002,"Korea Republic, Japan",Germany,8,0,8,3,False
2002,"Korea Republic, Japan",France,0,1,-1,0,False
1998,France,Brazil,0,3,-3,0,False
1998,France,Netherlands,1,2,-1,0,False
1998,France,France,2,1,1,3,True
1998,France,Brazil,1,1,0,1,False
1998,France,Netherlands,2,1,1,3,False
1998,France,Germany,0,3,-3,0,False
1998,France,Italy,0,0,0,1,False
1998,France,Brazil,3,2,1,3,False
1998,France,Romania,0,1,-1,0,False
1998,France,Argentina,2,2,0,1,False
1998,France,Germany,2,1,1,3,False
1998,France,Netherlands,2,1,1,3,False
1998,France,France,1,0,1,3,True
1998,France,Nigeria,1,4,-3,0,False
1998,France,Italy,1,0,1,3,False
1998,France,Brazil,4,1,3,3,False
1998,France,Argentina,1,0,1,3,False
1998,France,Japan,1,2,-1,0,False
1998,France,Romania,1,1,0,1,False
1998,France,Colombia,0,2,-2,0,False
1998,France,Netherlands,2,2,0,1,False
1998,France,Belgium,1,1,0,1,False
1998,France,United States,0,1,-1,0,False
1998,France,Germany,2,0,2,3,False
1998,France,South Africa,2,2,0,1,False
1998,France,France,2,1,1,3,True
1998,France,Spain,6,1,5,3,False
1998,France,Nigeria,1,3,-2,0,False
1998,France,Italy,2,1,1,3,False
1998,France,Chile,1,1,0,1,False
1998,France,Brazil,1,2,-1,0,False
1998,France,Scotland,0,3,-3,0,False
1998,France,Colombia,1,0,1,3,False
1998,France,Romania,2,1,1,3,False
1998,France,Germany,2,2,0,1,False
1998,France,Argentina,5,0,5,3,False
1998,France,United States,1,2,-1,0,False
1998,France,Japan,0,1,-1,0,False
1998,France,Belgium,2,2,0,1,False
1998,France,Netherlands,5,0,5,3,False
1998,France,Nigeria,1,0,1,3,False
1998,France,Spain,0,0,0,1,False
1998,France,South Africa,1,1,0,1,False
1998,France,France,4,0,4,3,True
1998,France,Chile,1,1,0,1,False
1998,France,Italy,3,0,3,3,False
1998,France,Scotland,1,1,0,1,False
1998,France,Brazil,3,0,3,3,False
1998,France,England,2,0,2,3,False
1998,France,Romania,1,0,1,3,False
1998,France,Germany,2,0,2,3,False
1998,France,Argentina,1,0,1,3,False
1998,France,FR Yugoslavia,1,0,1,3,False
1998,France,Jamaica,1,3,-2,0,False
1998,France,Spain,2,3,-1,0,False
1998,France,Korea Republic,1,3,-2,0,False
1998,France,Netherlands,0,0,0,1,False
1998,France,Paraguay,0,0,0,1,False
1998,France,Saudi Arabia,0,1,-1,0,False
1998,France,France,3,0,3,3,True
1998,France,Italy,2,2,0,1,False
1998,France,Cameroon,1,1,0,1,False
1998,France,Brazil,2,1,1,3,False
1998,France,Morocco,2,2,0,1,False
1994,United States,Brazil,0,0,0,1,False
1994,United States,Sweden,4,0,4,3,False
1994,United States,Bulgaria,1,2,-1,0,False
1994,United States,Sweden,0,1,-1,0,False
1994,United States,Bulgaria,2,1,1,3,False
1994,United States,Romania,2,2,0,1,False
1994,United States,Italy,2,1,1,3,False
1994,United States,Netherlands,2,3,-1,0,False
1994,United States,Nigeria,1,2,-1,0,False
1994,United States,Mexico,1,1,0,1,False
1994,United States,Netherlands,2,0,2,3,False
1994,United States,Brazil,1,0,1,3,False
1994,United States,Saudi Arabia,1,3,-2,0,False
1994,United States,Romania,3,2,1,3,False
1994,United States,Germany,3,2,1,3,False
1994,United States,Spain,3,0,3,3,False
1994,United States,Greece,0,2,-2,0,False
1994,United States,Argentina,0,2,-2,0,False
1994,United States,Morocco,1,2,-1,0,False
1994,United States,Belgium,0,1,-1,0,False
1994,United States,Italy,1,1,0,1,False
1994,United States,Republic of Ireland,0,0,0,1,False
1994,United States,Russia,6,1,5,3,False
1994,United States,Brazil,1,1,0,1,False
1994,United States,Germany,3,2,1,3,False
1994,United States,Bolivia,1,3,-2,0,False
1994,United States,Bulgaria,4,0,4,3,False
1994,United States,United States,0,1,-1,0,True
1994,United States,Switzerland,0,2,-2,0,False
1994,United States,Belgium,1,0,1,3,False
1994,United States,Saudi Arabia,2,1,1,3,False
1994,United States,Argentina,2,1,1,3,False
1994,United States,Mexico,2,1,1,3,False
1994,United States,Brazil,3,0,3,3,False
1994,United States,Sweden,3,1,2,3,False
1994,United States,Italy,1,0,1,3,False
1994,United States,Korea Republic,0,0,0,1,False
1994,United States,Romania,1,4,-3,0,False
1994,United States,United States,2,1,1,3,True
1994,United States,Argentina,4,0,4,3,False
1994,United States,Germany,1,1,0,1,False
1994,United States,Nigeria,3,0,3,3,False
1994,United States,Brazil,2,0,2,3,False
1994,United States,Netherlands,2,1,1,3,False
1994,United States,Belgium,1,0,1,3,False
1994,United States,Norway,1,0,1,3,False
1994,United States,Cameroon,2,2,0,1,False
1994,United States,United States,1,1,0,1,True
1994,United States,Italy,0,1,-1,0,False
1994,United States,Colombia,1,3,-2,0,False
1994,United States,Germany,1,0,1,3,False
1994,United States,Spain,2,2,0,1,False
1990,Italy,Germany,1,0,1,3,False
1990,Italy,Italy,2,1,1,3,True
1990,Italy,Germany,1,1,0,1,False
1990,Italy,Italy,1,1,0,1,True
1990,Italy,Germany,1,0,1,3,False
1990,Italy,England,3,2,1,3,False
1990,Italy,Yugoslavia,0,0,0,1,False
1990,Italy,Italy,1,0,1,3,True
1990,Italy,Spain,1,2,-1,0,False
1990,Italy,England,1,0,1,3,False
1990,Italy,Republic of Ireland,0,0,0,1,False
1990,Italy,Italy,2,0,2,3,True
1990,Italy,Brazil,0,1,-1,0,False
1990,Italy,Germany,2,1,1,3,False
1990,Italy,Cameroon,2,1,1,3,False
1990,Italy,Czech Republic,4,1,3,3,False
1990,Italy,Belgium,1,2,-1,0,False
1990,Italy,Korea Republic,0,1,-1,0,False
1990,Italy,Republic of Ireland,1,1,0,1,False
1990,Italy,England,1,0,1,3,False
1990,Italy,Sweden,1,2,-1,0,False
1990,Italy,Brazil,1,0,1,3,False
1990,Italy,Germany,1,1,0,1,False
1990,Italy,Yugoslavia,4,1,3,3,False
1990,Italy,Austria,2,1,1,3,False
1990,Italy,Italy,2,0,2,3,True
1990,Italy,Argentina,1,1,0,1,False
1990,Italy,Cameroon,0,4,-4,0,False
1990,Italy,Republic of Ireland,0,0,0,1,False
1990,Italy,Belgium,3,1,2,3,False
1990,Italy,Korea Republic,1,3,-2,0,False
1990,Italy,Brazil,1,0,1,3,False
1990,Italy,England,0,0,0,1,False
1990,Italy,Sweden,1,2,-1,0,False
1990,Italy,Austria,0,1,-1,0,False
1990,Italy,Germany,5,1,4,3,False
1990,Italy,Yugoslavia,1,0,1,3,False
1990,Italy,Cameroon,2,1,1,3,False
1990,Italy,Italy,1,0,1,3,True
1990,Italy,Uruguay,0,0,0,1,False
1990,Italy,Argentina,2,0,2,3,False
1990,Italy,Belgium,2,0,2,3,False
1990,Italy,Netherlands,1,1,0,1,False
1990,Italy,Costa Rica,1,0,1,3,False
1990,Italy,England,1,1,0,1,False
1990,Italy,United States,1,5,-4,0,False
1990,Italy,Germany,4,1,3,3,False
1990,Italy,Brazil,2,1,1,3,False
1990,Italy,United Arab Emirates,0,2,-2,0,False
1990,Italy,Russia,0,2,-2,0,False
1990,Italy,Italy,1,0,1,3,True
1990,Italy,Argentina,0,1,-1,0,False
1986,Mexico,Argentina,3,2,1,3,False
1986,Mexico,France,4,2,2,3,False
1986,Mexico,France,0,2,-2,0,False
1986,Mexico,Argentina,2,0,2,3,False
1986,Mexico,Argentina,2,1,1,3,False
1986,Mexico,Spain,1,1,0,1,False
1986,Mexico,Brazil,1,1,0,1,False
1986,Mexico,Germany,0,0,0,1,False
1986,Mexico,England,3,0,3,3,False
1986,Mexico,Denmark,1,5,-4,0,False
1986,Mexico,Italy,0,2,-2,0,False
1986,Mexico,Morocco,0,1,-1,0,False
1986,Mexico,Brazil,4,0,4,3,False
1986,Mexico,Argentina,1,0,1,3,False
1986,Mexico,Mexico,2,0,2,3,True
1986,Mexico,Russia,3,4,-1,0,False
1986,Mexico,Scotland,0,0,0,1,False
1986,Mexico,Denmark,2,0,2,3,False
1986,Mexico,Algeria,0,3,-3,0,False
1986,Mexico,Northern Ireland,0,3,-3,0,False
1986,Mexico,Paraguay,2,2,0,1,False
1986,Mexico,Iraq,0,1,-1,0,False
1986,Mexico,England,3,0,3,3,False
1986,Mexico,Portugal,1,3,-2,0,False
1986,Mexico,Argentina,2,0,2,3,False
1986,Mexico,Korea Republic,2,3,-1,0,False
1986,Mexico,Russia,2,0,2,3,False
1986,Mexico,Hungary,0,3,-3,0,False
1986,Mexico,Germany,2,1,1,3,False
1986,Mexico,Iraq,1,2,-1,0,False
1986,Mexico,Denmark,6,1,5,3,False
1986,Mexico,Mexico,1,1,0,1,True
1986,Mexico,Northern Ireland,1,2,-1,0,False
1986,Mexico,Poland,1,0,1,3,False
1986,Mexico,Brazil,1,0,1,3,False
1986,Mexico,Hungary,2,0,2,3,False
1986,Mexico,England,0,0,0,1,False
1986,Mexico,Italy,1,1,0,1,False
1986,Mexico,France,1,1,0,1,False
1986,Mexico,Korea Republic,1,1,0,1,False
1986,Mexico,Paraguay,1,0,1,3,False
1986,Mexico,Uruguay,1,1,0,1,False
1986,Mexico,Scotland,0,1,-1,0,False
1986,Mexico,Belgium,1,2,-1,0,False
1986,Mexico,Algeria,1,1,0,1,False
1986,Mexico,Portugal,1,0,1,3,False
1986,Mexico,Russia,6,0,6,3,False
1986,Mexico,Argentina,3,1,2,3,False
1986,Mexico,Morocco,0,0,0,1,False
1986,Mexico,Spain,0,1,-1,0,False
1986,Mexico,Canada,0,1,-1,0,False
1986,Mexico,Bulgaria,1,1,0,1,False
1982,Spain,Italy,3,1,2,3,False
1982,Spain,Poland,3,2,1,3,False
1982,Spain,Poland,0,2,-2,0,False
1982,Spain,Germany,3,3,0,1,False
1982,Spain,Italy,3,2,1,3,False
1982,Spain,Spain,0,0,0,1,True
1982,Spain,France,4,1,3,3,False
1982,Spain,Poland,0,0,0,1,False
1982,Spain,Argentina,1,3,-2,0,False
1982,Spain,Germany,2,1,1,3,False
1982,Spain,Austria,2,2,0,1,False
1982,Spain,Belgium,0,1,-1,0,False
1982,Spain,Italy,2,1,1,3,False
1982,Spain,Germany,0,0,0,1,False
1982,Spain,Austria,0,1,-1,0,False
1982,Spain,Poland,3,0,3,3,False
1982,Spain,England,1,0,1,3,False
1982,Spain,Germany,1,0,1,3,False
1982,Spain,Northern Ireland,1,0,1,3,False
1982,Spain,France,1,1,0,1,False
1982,Spain,Algeria,3,2,1,3,False
1982,Spain,Honduras,0,1,-1,0,False
1982,Spain,Italy,1,1,0,1,False
1982,Spain,Argentina,2,0,2,3,False
1982,Spain,Brazil,4,0,4,3,False
1982,Spain,Poland,5,1,4,3,False
1982,Spain,Belgium,1,1,0,1,False
1982,Spain,Russia,2,2,0,1,False
1982,Spain,Algeria,0,2,-2,0,False
1982,Spain,France,4,1,3,3,False
1982,Spain,Honduras,1,1,0,1,False
1982,Spain,Germany,4,1,3,3,False
1982,Spain,England,2,0,2,3,False
1982,Spain,Spain,2,1,1,3,True
1982,Spain,Poland,0,0,0,1,False
1982,Spain,Russia,3,0,3,3,False
1982,Spain,Belgium,1,0,1,3,False
1982,Spain,Italy,1,1,0,1,False
1982,Spain,Brazil,4,1,3,3,False
1982,Spain,Argentina,4,1,3,3,False
1982,Spain,Chile,0,1,-1,0,False
1982,Spain,Czech Republic,1,1,0,1,False
1982,Spain,Yugoslavia,0,0,0,1,False
1982,Spain,England,3,1,2,3,False
1982,Spain,Germany,1,2,-1,0,False
1982,Spain,Spain,1,1,0,1,True
1982,Spain,Peru,0,0,0,1,False
1982,Spain,Hungary,10,1,9,3,False
1982,Spain,Scotland,5,2,3,3,False
1982,Spain,Italy,0,0,0,1,False
1982,Spain,Brazil,2,1,1,3,False
1982,Spain,Argentina,0,1,-1,0,False
1978,Argentina,Argentina,3,1,2,3,True
1978,Argentina,Brazil,2,1,1,3,False
1978,Argentina,Netherlands,2,1,1,3,False
1978,Argentina,Austria,3,2,1,3,False
1978,Argentina,Brazil,3,1,2,3,False
1978,Argentina,Argentina,6,0,6,3,True
1978,Argentina,Poland,1,0,1,3,False
1978,Argentina,Germany,2,2,0,1,False
1978,Argentina,Italy,1,0,1,3,False
1978,Argentina,Argentina,0,0,0,1,True
1978,Argentina,Netherlands,5,1,4,3,False
1978,Argentina,Germany,0,0,0,1,False
1978,Argentina,Brazil,3,0,3,3,False
1978,Argentina,Argentina,2,0,2,3,True
1978,Argentina,Brazil,1,0,1,3,False
1978,Argentina,Spain,1,0,1,3,False
1978,Argentina,Peru,4,1,3,3,False
1978,Argentina,Scotland,3,2,1,3,False
1978,Argentina,France,3,1,2,3,False
1978,Argentina,Poland,3,1,2,3,False
1978,Argentina,Germany,0,0,0,1,False
1978,Argentina,Italy,1,0,1,3,False
1978,Argentina,Austria,1,0,1,3,False
1978,Argentina,Brazil,0,0,0,1,False
1978,Argentina,Netherlands,0,0,0,1,False
1978,Argentina,Scotland,1,1,0,1,False
1978,Argentina,Italy,3,1,2,3,False
1978,Argentina,Germany,6,0,6,3,False
1978,Argentina,Poland,1,0,1,3,False
1978,Argentina,Argentina,2,1,1,3,True
1978,Argentina,Sweden,1,1,0,1,False
1978,Argentina,Austria,2,1,1,3,False
1978,Argentina,Peru,3,1,2,3,False
1978,Argentina,Netherlands,3,0,3,3,False
1978,Argentina,Italy,2,1,1,3,False
1978,Argentina,Tunisia,3,1,2,3,False
1978,Argentina,Argentina,2,1,1,3,True
1978,Argentina,Germany,0,0,0,1,False
1974,Germany,Netherlands,1,2,-1,0,False
1974,Germany,Brazil,0,1,-1,0,False
1974,Germany,Poland,0,1,-1,0,False
1974,Germany,Netherlands,2,0,2,3,False
1974,Germany,Argentina,1,1,0,1,False
1974,Germany,Sweden,2,1,1,3,False
1974,Germany,Poland,2,1,1,3,False
1974,Germany,Argentina,1,2,-1,0,False
1974,Germany,Germany DR,0,2,-2,0,False
1974,Germany,Germany,4,2,2,3,True
1974,Germany,Yugoslavia,0,2,-2,0,False
1974,Germany,Brazil,1,0,1,3,False
1974,Germany,Sweden,0,1,-1,0,False
1974,Germany,Netherlands,4,0,4,3,False
1974,Germany,Bulgaria,1,4,-3,0,False
1974,Germany,Poland,2,1,1,3,False
1974,Germany,Sweden,3,0,3,3,False
1974,Germany,Argentina,4,1,3,3,False
1974,Germany,Scotland,1,1,0,1,False
1974,Germany,Australia,0,0,0,1,False
1974,Germany,Zaire,0,3,-3,0,False
1974,Germany,Germany DR,1,0,1,3,False
1974,Germany,Haiti,0,7,-7,0,False
1974,Germany,Bulgaria,1,1,0,1,False
1974,Germany,Netherlands,0,0,0,1,False
1974,Germany,Argentina,1,1,0,1,False
1974,Germany,Australia,0,3,-3,0,False
1974,Germany,Yugoslavia,9,0,9,3,False
1974,Germany,Chile,1,1,0,1,False
1974,Germany,Scotland,0,0,0,1,False
1974,Germany,Uruguay,0,2,-2,0,False
1974,Germany,Sweden,0,0,0,1,False
1974,Germany,Italy,3,1,2,3,False
1974,Germany,Poland,3,2,1,3,False
1974,Germany,Germany,1,0,1,3,True
1974,Germany,Germany DR,2,0,2,3,False
1974,Germany,Zaire,0,2,-2,0,False
1974,Germany,Brazil,0,0,0,1,False
1970,Mexico,Brazil,4,1,3,3,False
1970,Mexico,Germany,1,0,1,3,False
1970,Mexico,Italy,4,3,1,3,False
1970,Mexico,Brazil,3,1,2,3,False
1970,Mexico,Brazil,4,2,2,3,False
1970,Mexico,Italy,4,1,3,3,False
1970,Mexico,Uruguay,1,0,1,3,False
1970,Mexico,Germany,3,2,1,3,False
1970,Mexico,Mexico,1,0,1,3,True
1970,Mexico,Italy,0,0,0,1,False
1970,Mexico,Bulgaria,1,1,0,1,False
1970,Mexico,England,1,0,1,3,False
1970,Mexico,Germany,3,1,2,3,False
1970,Mexico,Brazil,3,2,1,3,False
1970,Mexico,Sweden,1,0,1,3,False
1970,Mexico,Russia,2,0,2,3,False
1970,Mexico,Mexico,4,0,4,3,True
1970,Mexico,Brazil,1,0,1,3,False
1970,Mexico,Germany,5,2,3,3,False
1970,Mexico,Sweden,1,1,0,1,False
1970,Mexico,Romania,2,1,1,3,False
1970,Mexico,Uruguay,0,0,0,1,False
1970,Mexico,Russia,4,1,3,3,False
1970,Mexico,Peru,3,0,3,3,False
1970,Mexico,Belgium,3,0,3,3,False
1970,Mexico,Brazil,4,1,3,3,False
1970,Mexico,Italy,1,0,1,3,False
1970,Mexico,Germany,2,1,1,3,False
1970,Mexico,England,1,0,1,3,False
1970,Mexico,Peru,3,2,1,3,False
1970,Mexico,Uruguay,2,0,2,3,False
1970,Mexico,Mexico,0,0,0,1,True
1966,England,England,4,2,2,3,True
1966,England,Portugal,2,1,1,3,False
1966,England,England,2,1,1,3,True
1966,England,Germany,2,1,1,3,False
1966,England,Portugal,5,3,2,3,False
1966,England,England,1,0,1,3,True
1966,England,Russia,2,1,1,3,False
1966,England,Germany,4,0,4,3,False
1966,England,England,2,0,2,3,True
1966,England,Hungary,3,1,2,3,False
1966,England,Germany,2,1,1,3,False
1966,England,Russia,2,1,1,3,False
1966,England,Uruguay,0,0,0,1,False
1966,England,Argentina,2,0,2,3,False
1966,England,Portugal,3,1,2,3,False
1966,England,Korea DPR,1,0,1,3,False
1966,England,Germany,0,0,0,1,False
1966,England,Russia,1,0,1,3,False
1966,England,Portugal,3,0,3,3,False
1966,England,England,2,0,2,3,True
1966,England,Spain,2,1,1,3,False
1966,England,Uruguay,2,1,1,3,False
1966,England,Hungary,3,1,2,3,False
1966,England,Korea DPR,1,1,0,1,False
1966,England,Argentina,2,1,1,3,False
1966,England,France,1,1,0,1,False
1966,England,Italy,2,0,2,3,False
1966,England,Portugal,3,1,2,3,False
1966,England,Brazil,2,0,2,3,False
1966,England,Russia,3,0,3,3,False
1966,England,Germany,5,0,5,3,False
1966,England,England,0,0,0,1,True
1962,Chile,Brazil,3,1,2,3,False
1962,Chile,Chile,1,0,1,3,True
1962,Chile,Brazil,4,2,2,3,False
1962,Chile,Czech Republic,3,1,2,3,False
1962,Chile,Chile,2,1,1,3,True
1962,Chile,Brazil,3,1,2,3,False
1962,Chile,Czech Republic,1,0,1,3,False
1962,Chile,Yugoslavia,1,0,1,3,False
1962,Chile,England,0,0,0,1,False
1962,Chile,Mexico,3,1,2,3,False
1962,Chile,Italy,3,0,3,3,False
1962,Chile,Yugoslavia,5,0,5,3,False
1962,Chile,Germany,2,0,2,3,False
1962,Chile,Russia,2,1,1,3,False
1962,Chile,Hungary,0,0,0,1,False
1962,Chile,Brazil,2,1,1,3,False
1962,Chile,Spain,1,0,1,3,False
1962,Chile,Russia,4,4,0,1,False
1962,Chile,Hungary,6,1,5,3,False
1962,Chile,Germany,2,1,1,3,False
1962,Chile,Chile,2,0,2,3,True
1962,Chile,Brazil,0,0,0,1,False
1962,Chile,England,3,1,2,3,False
1962,Chile,Yugoslavia,3,1,2,3,False
1962,Chile,Germany,0,0,0,1,False
1962,Chile,Hungary,2,1,1,3,False
1962,Chile,Czech Republic,1,0,1,3,False
1962,Chile,Russia,2,0,2,3,False
1962,Chile,Chile,3,1,2,3,True
1962,Chile,Uruguay,2,1,1,3,False
1962,Chile,Brazil,2,0,2,3,False
1962,Chile,Argentina,1,0,1,3,False
1958,Sweden,Brazil,5,2,3,3,False
1958,Sweden,France,6,3,3,3,False
1958,Sweden,Sweden,3,1,2,3,True
1958,Sweden,Brazil,5,2,3,3,False
1958,Sweden,France,4,0,4,3,False
1958,Sweden,Germany,1,0,1,3,False
1958,Sweden,Brazil,1,0,1,3,False
1958,Sweden,Sweden,2,0,2,3,True
1958,Sweden,Northern Ireland,2,1,1,3,False
1958,Sweden,Wales,2,1,1,3,False
1958,Sweden,Russia,1,0,1,3,False
1958,Sweden,Sweden,0,0,0,1,True
1958,Sweden,Paraguay,3,3,0,1,False
1958,Sweden,Germany,2,2,0,1,False
1958,Sweden,Czech Republic,6,1,5,3,False
1958,Sweden,England,2,2,0,1,False
1958,Sweden,Brazil,2,0,2,3,False
1958,Sweden,Hungary,4,0,4,3,False
1958,Sweden,France,2,1,1,3,False
1958,Sweden,Sweden,2,1,1,3,True
1958,Sweden,Russia,2,0,2,3,False
1958,Sweden,Germany,2,2,0,1,False
1958,Sweden,Argentina,3,1,2,3,False
1958,Sweden,Yugoslavia,3,2,1,3,False
1958,Sweden,Paraguay,3,2,1,3,False
1958,Sweden,Brazil,0,0,0,1,False
1958,Sweden,Mexico,1,1,0,1,False
1958,Sweden,Sweden,3,0,3,3,True
1958,Sweden,Northern Ireland,1,0,1,3,False
1958,Sweden,Hungary,1,1,0,1,False
1958,Sweden,Yugoslavia,1,1,0,1,False
1958,Sweden,Brazil,3,0,3,3,False
1958,Sweden,Russia,2,2,0,1,False
1958,Sweden,France,7,3,4,3,False
1958,Sweden,Argentina,1,3,-2,0,False
1954,Switzerland,Germany,3,2,1,3,False
1954,Switzerland,Austria,3,1,2,3,False
1954,Switzerland,Hungary,4,2,2,3,False
1954,Switzerland,Germany,6,1,5,3,False
1954,Switzerland,Germany,2,0,2,3,False
1954,Switzerland,Hungary,4,2,2,3,False
1954,Switzerland,Uruguay,4,2,2,3,False
1954,Switzerland,Switzerland,5,7,-2,0,True
1954,Switzerland,Germany,7,2,5,3,False
1954,Switzerland,Switzerland,4,1,3,3,True
1954,Switzerland,Hungary,8,3,5,3,False
1954,Switzerland,Türkiye,7,0,7,3,False
1954,Switzerland,Italy,4,1,3,3,False
1954,Switzerland,Switzerland,0,2,-2,0,True
1954,Switzerland,Uruguay,7,0,7,3,False
1954,Switzerland,Brazil,1,1,0,1,False
1954,Switzerland,Austria,5,0,5,3,False
1954,Switzerland,France,3,2,1,3,False
1954,Switzerland,Switzerland,2,1,1,3,True
1954,Switzerland,Hungary,9,0,9,3,False
1954,Switzerland,Germany,4,1,3,3,False
1954,Switzerland,England,4,4,0,1,False
1954,Switzerland,Uruguay,2,0,2,3,False
1954,Switzerland,Yugoslavia,1,0,1,3,False
1954,Switzerland,Brazil,5,0,5,3,False
1954,Switzerland,Austria,1,0,1,3,False
1950,Brazil,Sweden,3,1,2,3,False
1950,Brazil,Uruguay,2,1,1,3,False
1950,Brazil,Brazil,6,1,5,3,True
1950,Brazil,Uruguay,3,2,1,3,False
1950,Brazil,Brazil,7,1,6,3,True
1950,Brazil,Uruguay,2,2,0,1,False
1950,Brazil,Chile,5,2,3,3,False
1950,Brazil,Italy,2,0,2,3,False
1950,Brazil,Uruguay,8,0,8,3,False
1950,Brazil,Spain,1,0,1,3,False
1950,Brazil,Switzerland,2,1,1,3,False
1950,Brazil,Brazil,2,0,2,3,True
1950,Brazil,Spain,2,0,2,3,False
1950,Brazil,United States,1,0,1,3,False
1950,Brazil,Sweden,2,2,0,1,False
1950,Brazil,Brazil,2,2,0,1,True
1950,Brazil,Yugoslavia,4,1,3,3,False
1950,Brazil,Sweden,3,2,1,3,False
1950,Brazil,England,2,0,2,3,False
1950,Brazil,Spain,3,1,2,3,False
1950,Brazil,Yugoslavia,3,0,3,3,False
1950,Brazil,Brazil,4,0,4,3,True
1938,France,Brazil,4,2,2,3,False
1938,France,Italy,4,2,2,3,False
1938,France,Hungary,5,1,4,3,False
1938,France,Italy,2,1,1,3,False
1938,France,Brazil,2,1,1,3,False
1938,France,Sweden,8,0,8,3,False
1938,France,Brazil,1,1,0,1,False
1938,France,Hungary,2,0,2,3,False
1938,France,Italy,3,1,2,3,False
1938,France,Switzerland,4,2,2,3,False
1938,France,Cuba,2,1,1,3,False
1938,France,Italy,2,1,1,3,False
1938,France,Cuba,3,3,0,1,False
1938,France,Hungary,6,0,6,3,False
1938,France,France,3,1,2,3,True
1938,France,Brazil,6,5,1,3,False
1938,France,Czech Republic,3,0,3,3,False
1938,France,Switzerland,1,1,0,1,False
1934,Italy,Italy,2,1,1,3,True
1934,Italy,Germany,3,2,1,3,False
1934,Italy,Czech Republic,3,1,2,3,False
1934,Italy,Italy,1,0,1,3,True
1934,Italy,Italy,1,0,1,3,True
1934,Italy,Austria,2,1,1,3,False
1934,Italy,Czech Republic,3,2,1,3,False
1934,Italy,Italy,1,1,0,1,True
1934,Italy,Germany,2,1,1,3,False
1934,Italy,Czech Republic,2,1,1,3,False
1934,Italy,Hungary,4,2,2,3,False
1934,Italy,Austria,3,2,1,3,False
1934,Italy,Switzerland,3,2,1,3,False
1934,Italy,Sweden,3,2,1,3,False
1934,Italy,Spain,3,1,2,3,False
1934,Italy,Germany,5,2,3,3,False
1934,Italy,Italy,7,1,6,3,True
1930,Uruguay,Uruguay,4,2,2,3,True
1930,Uruguay,Uruguay,6,1,5,3,True
1930,Uruguay,Argentina,6,1,5,3,False
1930,Uruguay,Argentina,3,1,2,3,False
1930,Uruguay,Uruguay,4,0,4,3,True
1930,Uruguay,Brazil,4,0,4,3,False
1930,Uruguay,Paraguay,1,0,1,3,False
1930,Uruguay,Chile,1,0,1,3,False
1930,Uruguay,Argentina,6,3,3,3,False
1930,Uruguay,Uruguay,1,0,1,3,True
1930,Uruguay,Yugoslavia,4,0,4,3,False
1930,Uruguay,United States,3,0,3,3,False
1930,Uruguay,Chile,3,0,3,3,False
1930,Uruguay,Argentina,1,0,1,3,False
1930,Uruguay,Yugoslavia,2,1,1,3,False
1930,Uruguay,Romania,3,1,2,3,False
1930,Uruguay,United States,3,0,3,3,False
1930,Uruguay,France,4,1,3,3,False
2022,Qatar,France,3,3,0,1,False
2022,Qatar,Morocco,1,2,-1,0,False
2022,Qatar,Morocco,0,2,-2,0,False
2022,Qatar,Croatia,0,3,-3,0,False
2022,Qatar,Portugal,0,1,-1,0,False
2022,Qatar,France,2,1,1,3,False
2022,Qatar,Brazil,1,1,0,1,False
2022,Qatar,Argentina,2,2,0,1,False
2022,Qatar,Spain,0,0,0,1,False
2022,Qatar,Switzerland,1,6,-5,0,False
2022,Qatar,Croatia,1,1,0,1,False
2022,Qatar,Korea Republic,1,4,-3,0,False
2022,Qatar,Poland,1,3,-2,0,False
2022,Qatar,Senegal,0,3,-3,0,False
2022,Qatar,United States,1,3,-2,0,False
2022,Qatar,Australia,1,2,-1,0,False
2022,Qatar,Portugal,1,2,-1,0,False
2022,Qatar,Uruguay,2,0,2,3,False
2022,Qatar,Brazil,0,1,-1,0,False
2022,Qatar,Switzerland,3,2,1,3,False
2022,Qatar,Morocco,2,1,1,3,False
2022,Qatar,Belgium,0,0,0,1,False
2022,Qatar,Germany,4,2,2,3,False
2022,Qatar,Spain,1,2,-1,0,False
2022,Qatar,Denmark,0,1,-1,0,False
2022,Qatar,France,0,1,-1,0,False
2022,Qatar,Mexico,2,1,1,3,False
2022,Qatar,Argentina,2,0,2,3,False
2022,Qatar,Senegal,2,1,1,3,False
2022,Qatar,Qatar,0,2,-2,0,True
2022,Qatar,United States,1,0,1,3,False
2022,Qatar,England,3,0,3,3,False
2022,Qatar,Serbia,3,3,0,1,False
2022,Qatar,Ghana,3,2,1,3,False
2022,Qatar,Switzerland,0,1,-1,0,False
2022,Qatar,Uruguay,0,2,-2,0,False
2022,Qatar,Costa Rica,1,0,1,3,False
2022,Qatar,Morocco,2,0,2,3,False
2022,Qatar,Canada,1,4,-3,0,False
2022,Qatar,Germany,1,1,0,1,False
2022,Qatar,Australia,1,0,1,3,False
2022,Qatar,Saudi Arabia,0,2,-2,0,False
2022,Qatar,Denmark,1,2,-1,0,False
2022,Qatar,Mexico,0,2,-2,0,False
2022,Qatar,IR Iran,2,0,2,3,False
2022,Qatar,Senegal,3,1,2,3,False
2022,Qatar,Ecuador,1,1,0,1,False
2022,Qatar,United States,0,0,0,1,False
2022,Qatar,Cameroon,0,1,-1,0,False
2022,Qatar,Korea Republic,0,0,0,1,False
2022,Qatar,Ghana,2,3,-1,0,False
2022,Qatar,Serbia,0,2,-2,0,False
2022,Qatar,Croatia,0,0,0,1,False
2022,Qatar,Japan,2,1,1,3,False
2022,Qatar,Costa Rica,0,7,-7,0,False
2022,Qatar,Canada,0,1,-1,0,False
2022,Qatar,Saudi Arabia,2,1,1,3,False
2022,Qatar,Tunisia,0,0,0,1,False
2022,Qatar,Poland,0,0,0,1,False
2022,Qatar,Australia,1,4,-3,0,False
2022,Qatar,IR Iran,2,6,-4,0,False
2022,Qatar,Netherlands,2,0,2,3,False
2022,Qatar,Wales,1,1,0,1,False
2022,Qatar,Ecuador,2,0,2,3,False
2018,Russia,Croatia,2,4,-2,0,False
2018,Russia,England,0,2,-2,0,False
2018,Russia,England,1,2,-1,0,False
2018,Russia,Belgium,0,1,-1,0,False
2018,Russia,England,2,0,2,3,False
2018,Russia,Croatia,2,2,0,1,False
2018,Russia,France,2,0,2,3,False
2018,Russia,Belgium,2,1,1,3,False
2018,Russia,Switzerland,0,1,-1,0,False
2018,Russia,England,1,1,0,1,False
2018,Russia,Mexico,0,2,-2,0,False
2018,Russia,Japan,2,3,-1,0,False
2018,Russia,Russia,1,1,0,1,True
2018,Russia,Denmark,1,1,0,1,False
2018,Russia,Argentina,3,4,-1,0,False
2018,Russia,Portugal,1,2,-1,0,False
2018,Russia,Poland,1,0,1,3,False
2018,Russia,Colombia,1,0,1,3,False
2018,Russia,Belgium,1,0,1,3,False
2018,Russia,Tunisia,2,1,1,3,False
2018,Russia,Germany,0,2,-2,0,False
2018,Russia,Sweden,3,0,3,3,False
2018,Russia,Costa Rica,2,2,0,1,False
2018,Russia,Brazil,2,0,2,3,False
2018,Russia,Peru,2,0,2,3,False
2018,Russia,France,0,0,0,1,False
2018,Russia,Croatia,2,1,1,3,False
2018,Russia,Argentina,2,1,1,3,False
2018,Russia,Egypt,1,2,-1,0,False
2018,Russia,Russia,0,3,-3,0,True
2018,Russia,Morocco,2,2,0,1,False
2018,Russia,Portugal,1,1,0,1,False
2018,Russia,Panama,1,6,-5,0,False
2018,Russia,Senegal,2,2,0,1,False
2018,Russia,Colombia,3,0,3,3,False
2018,Russia,Tunisia,2,5,-3,0,False
2018,Russia,Mexico,2,1,1,3,False
2018,Russia,Sweden,1,2,-1,0,False
2018,Russia,Costa Rica,0,2,-2,0,False
2018,Russia,Iceland,0,2,-2,0,False
2018,Russia,Switzerland,2,1,1,3,False
2018,Russia,Australia,1,1,0,1,False
2018,Russia,Peru,0,1,-1,0,False
2018,Russia,Croatia,3,0,3,3,False
2018,Russia,Morocco,0,1,-1,0,False
2018,Russia,Saudi Arabia,0,1,-1,0,False
2018,Russia,Spain,1,0,1,3,False
2018,Russia,Japan,2,1,1,3,False
2018,Russia,Senegal,2,1,1,3,False
2018,Russia,Egypt,1,3,-2,0,False
2018,Russia,Korea Republic,0,1,-1,0,False
2018,Russia,Panama,0,3,-3,0,False
2018,Russia,England,2,1,1,3,False
2018,Russia,Serbia,1,0,1,3,False
2018,Russia,Mexico,1,0,1,3,False
2018,Russia,Switzerland,1,1,0,1,False
2018,Russia,Australia,1,2,-1,0,False
2018,Russia,Iceland,1,1,0,1,False
2018,Russia,Denmark,1,0,1,3,False
2018,Russia,Nigeria,0,2,-2,0,False
2018,Russia,Uruguay,1,0,1,3,False
2018,Russia,IR Iran,1,0,1,3,False
2018,Russia,Spain,3,3,0,1,False
2018,Russia,Saudi Arabia,0,5,-5,0,False
2014,Brazil,Argentina,0,1,-1,0,False
2014,Brazil,Netherlands,3,0,3,3,False
2014,Brazil,Argentina,0,0,0,1,False
2014,Brazil,Germany,7,1,6,3,False
2014,Brazil,Belgium,0,1,-1,0,False
2014,Brazil,Costa Rica,0,0,0,1,False
2014,Brazil,Germany,1,0,1,3,False
2014,Brazil,Colombia,1,2,-1,0,False
2014,Brazil,Switzerland,0,1,-1,0,False
2014,Brazil,United States,1,2,-1,0,False
2014,Brazil,Nigeria,0,2,-2,0,False
2014,Brazil,Algeria,1,2,-1,0,False
2014,Brazil,Mexico,1,2,-1,0,False
2014,Brazil,Greece,1,1,0,1,False
2014,Brazil,Chile,1,1,0,1,False
2014,Brazil,Uruguay,0,2,-2,0,False
2014,Brazil,Germany,1,0,1,3,False
2014,Brazil,Ghana,1,2,-1,0,False
2014,Brazil,Belgium,1,0,1,3,False
2014,Brazil,Russia,1,1,0,1,False
2014,Brazil,IR Iran,1,3,-2,0,False
2014,Brazil,Argentina,3,2,1,3,False
2014,Brazil,Switzerland,3,0,3,3,False
2014,Brazil,France,0,0,0,1,False
2014,Brazil,England,0,0,0,1,False
2014,Brazil,Uruguay,1,0,1,3,False
2014,Brazil,Colombia,4,1,3,3,False
2014,Brazil,Côte d'Ivoire,1,2,-1,0,False
2014,Brazil,Spain,3,0,3,3,False
2014,Brazil,Chile,0,2,-2,0,False
2014,Brazil,Mexico,3,1,2,3,False
2014,Brazil,Brazil,4,1,3,3,True
2014,Brazil,Russia,0,1,-1,0,False
2014,Brazil,Algeria,4,2,2,3,False
2014,Brazil,Portugal,2,2,0,1,False
2014,Brazil,IR Iran,0,1,-1,0,False
2014,Brazil,Ghana,2,2,0,1,False
2014,Brazil,Bosnia and Herzegovina,0,1,-1,0,False
2014,Brazil,Costa Rica,1,0,1,3,False
2014,Brazil,France,5,2,3,3,False
2014,Brazil,Ecuador,2,1,1,3,False
2014,Brazil,Côte d'Ivoire,1,2,-1,0,False
2014,Brazil,England,1,2,-1,0,False
2014,Brazil,Greece,0,0,0,1,False
2014,Brazil,Netherlands,3,2,1,3,False
2014,Brazil,Chile,2,0,2,3,False
2014,Brazil,Croatia,4,0,4,3,False
2014,Brazil,Algeria,1,2,-1,0,False
2014,Brazil,Mexico,0,0,0,1,False
2014,Brazil,Korea Republic,1,1,0,1,False
2014,Brazil,Portugal,0,4,-4,0,False
2014,Brazil,Nigeria,0,0,0,1,False
2014,Brazil,United States,2,1,1,3,False
2014,Brazil,Ecuador,1,2,-1,0,False
2014,Brazil,Honduras,0,3,-3,0,False
2014,Brazil,Bosnia and Herzegovina,1,2,-1,0,False
2014,Brazil,Greece,0,3,-3,0,False
2014,Brazil,Costa Rica,3,1,2,3,False
2014,Brazil,Italy,2,1,1,3,False
2014,Brazil,Japan,1,2,-1,0,False
2014,Brazil,Cameroon,0,1,-1,0,False
2014,Brazil,Netherlands,5,1,4,3,False
2014,Brazil,Australia,1,3,-2,0,False
2014,Brazil,Croatia,1,3,-2,0,False
2010,South Africa,Spain,1,0,1,3,False
2010,South Africa,Germany,3,2,1,3,False
2010,South Africa,Spain,1,0,1,3,False
2010,South Africa,Netherlands,3,2,1,3,False
2010,South Africa,Germany,4,0,4,3,False
2010,South Africa,Spain,1,0,1,3,False
2010,South Africa,Brazil,1,2,-1,0,False
2010,South Africa,Ghana,1,1,0,1,False
2010,South Africa,Japan,0,0,0,1,False
2010,South Africa,Portugal,0,1,-1,0,False
2010,South Africa,Slovakia,1,2,-1,0,False
2010,South Africa,Chile,0,3,-3,0,False
2010,South Africa,England,1,4,-3,0,False
2010,South Africa,Mexico,1,3,-2,0,False
2010,South Africa,Korea Republic,1,2,-1,0,False
2010,South Africa,Ghana,2,1,1,3,False
2010,South Africa,Brazil,0,0,0,1,False
2010,South Africa,Côte d'Ivoire,3,0,3,3,False
2010,South Africa,Spain,2,1,1,3,False
2010,South Africa,Honduras,0,0,0,1,False
2010,South Africa,New Zealand,0,0,0,1,False
2010,South Africa,Italy,2,3,-1,0,False
2010,South Africa,Japan,3,1,2,3,False
2010,South Africa,Netherlands,2,1,1,3,False
2010,South Africa,England,1,0,1,3,False
2010,South Africa,Algeria,0,1,-1,0,False
2010,South Africa,Germany,1,0,1,3,False
2010,South Africa,Serbia,1,2,-1,0,False
2010,South Africa,Uruguay,1,0,1,3,False
2010,South Africa,South Africa,2,1,1,3,True
2010,South Africa,Korea Republic,2,2,0,1,False
2010,South Africa,Argentina,2,0,2,3,False
2010,South Africa,Korea DPR,0,7,-7,0,False
2010,South Africa,Switzerland,0,1,-1,0,False
2010,South Africa,Honduras,0,2,-2,0,False
2010,South Africa,Paraguay,2,0,2,3,False
2010,South Africa,New Zealand,1,1,0,1,False
2010,South Africa,Côte d'Ivoire,1,3,-2,0,False
2010,South Africa,Japan,0,1,-1,0,False
2010,South Africa,Australia,1,1,0,1,False
2010,South Africa,Denmark,2,1,1,3,False
2010,South Africa,Serbia,1,0,1,3,False
2010,South Africa,United States,2,2,0,1,False
2010,South Africa,Algeria,0,0,0,1,False
2010,South Africa,Korea Republic,1,4,-3,0,False
2010,South Africa,Nigeria,1,2,-1,0,False
2010,South Africa,Mexico,2,0,2,3,False
2010,South Africa,Chile,1,0,1,3,False
2010,South Africa,Switzerland,1,0,1,3,False
2010,South Africa,Uruguay,3,0,3,3,False
2010,South Africa,Slovakia,1,1,0,1,False
2010,South Africa,Portugal,0,0,0,1,False
2010,South Africa,Korea DPR,1,2,-1,0,False
2010,South Africa,Denmark,0,2,-2,0,False
2010,South Africa,Cameroon,0,1,-1,0,False
2010,South Africa,Paraguay,1,1,0,1,False
2010,South Africa,Slovenia,1,0,1,3,False
2010,South Africa,Ghana,1,0,1,3,False
2010,South Africa,Australia,0,4,-4,0,False
2010,South Africa,Greece,0,2,-2,0,False
2010,South Africa,Nigeria,0,1,-1,0,False
2010,South Africa,United States,1,1,0,1,False
2010,South Africa,Mexico,1,1,0,1,False
2010,South Africa,France,0,0,0,1,False
2006,Germany,France,1,1,0,1,False
2006,Germany,Portugal,1,3,-2,0,False
2006,Germany,France,1,0,1,3,False
2006,Germany,Italy,2,0,2,3,False
2006,Germany,Portugal,0,0,0,1,False
2006,Germany,France,1,0,1,3,False
2006,Germany,Argentina,1,1,0,1,False
2006,Germany,Ukraine,0,3,-3,0,False
2006,Germany,Ghana,0,3,-3,0,False
2006,Germany,France,3,1,2,3,False
2006,Germany,Australia,0,1,-1,0,False
2006,Germany,Ukraine,0,0,0,1,False
2006,Germany,Ecuador,0,1,-1,0,False
2006,Germany,Netherlands,0,1,-1,0,False
2006,Germany,Sweden,0,2,-2,0,False
2006,Germany,Mexico,1,2,-1,0,False
2006,Germany,Spain,1,0,1,3,False
2006,Germany,Tunisia,0,1,-1,0,False
2006,Germany,France,2,0,2,3,False
2006,Germany,Korea Republic,0,2,-2,0,False
2006,Germany,United States,1,2,-1,0,False
2006,Germany,Italy,2,0,2,3,False
2006,Germany,Brazil,4,1,3,3,False
2006,Germany,Australia,2,2,0,1,False
2006,Germany,Mexico,1,2,-1,0,False
2006,Germany,Angola,1,1,0,1,False
2006,Germany,Serbia and Montenegro,2,3,-1,0,False
2006,Germany,Argentina,0,0,0,1,False
2006,Germany,Poland,2,1,1,3,False
2006,Germany,Germany,3,0,3,3,True
2006,Germany,Trinidad and Tobago,0,2,-2,0,False
2006,Germany,England,2,2,0,1,False
2006,Germany,Switzerland,2,0,2,3,False
2006,Germany,Ukraine,4,0,4,3,False
2006,Germany,Tunisia,1,3,-2,0,False
2006,Germany,Croatia,0,0,0,1,False
2006,Germany,Australia,0,2,-2,0,False
2006,Germany,Korea Republic,1,1,0,1,False
2006,Germany,IR Iran,0,2,-2,0,False
2006,Germany,Ghana,2,0,2,3,False
2006,Germany,United States,1,1,0,1,False
2006,Germany,Serbia and Montenegro,0,6,-6,0,False
2006,Germany,Côte d'Ivoire,1,2,-1,0,False
2006,Germany,Angola,0,0,0,1,False
2006,Germany,Costa Rica,0,3,-3,0,False
2006,Germany,Trinidad and Tobago,0,2,-2,0,False
2006,Germany,Paraguay,0,1,-1,0,False
2006,Germany,Ukraine,0,4,-4,0,False
2006,Germany,Saudi Arabia,2,2,0,1,False
2006,Germany,Poland,0,1,-1,0,False
2006,Germany,Togo,1,2,-1,0,False
2006,Germany,Switzerland,0,0,0,1,False
2006,Germany,Croatia,0,1,-1,0,False
2006,Germany,Japan,1,3,-2,0,False
2006,Germany,Czech Republic,3,0,3,3,False
2006,Germany,Ghana,0,2,-2,0,False
2006,Germany,Netherlands,1,0,1,3,False
2006,Germany,IR Iran,1,3,-2,0,False
2006,Germany,Portugal,1,0,1,3,False
2006,Germany,Paraguay,0,1,-1,0,False
2006,Germany,Sweden,0,0,0,1,False
2006,Germany,Côte d'Ivoire,1,2,-1,0,False
2006,Germany,Costa Rica,2,4,-2,0,False
2006,Germany,Ecuador,2,0,2,3,False
2002,"Korea Republic, Japan",Brazil,2,0,2,3,False
2002,"Korea Republic, Japan",Türkiye,3,2,1,3,False
2002,"Korea Republic, Japan",Türkiye,0,1,-1,0,False
2002,"Korea Republic, Japan",Korea Republic,0,1,-1,0,False
2002,"Korea Republic, Japan",Korea Republic,0,0,0,1,False
2002,"Korea Republic, Japan",Türkiye,1,0,1,3,False
2002,"Korea Republic, Japan",Brazil,2,1,1,3,False
2002,"Korea Republic, Japan",United States,0,1,-1,0,False
2002,"Korea Republic, Japan",Türkiye,1,0,1,3,False
2002,"Korea Republic, Japan",Italy,1,2,-1,0,False
2002,"Korea Republic, Japan",United States,2,0,2,3,False
2002,"Korea Republic, Japan",Belgium,0,2,-2,0,False
2002,"Korea Republic, Japan",Senegal,2,1,1,3,False
2002,"Korea Republic, Japan",Republic of Ireland,1,1,0,1,False
2002,"Korea Republic, Japan",Paraguay,0,1,-1,0,False
2002,"Korea Republic, Japan",England,3,0,3,3,False
2002,"Korea Republic, Japan",Japan,2,0,2,3,False
2002,"Korea Republic, Japan",Russia,2,3,-1,0,False
2002,"Korea Republic, Japan",Korea Republic,1,0,1,3,False
2002,"Korea Republic, Japan",United States,1,3,-2,0,False
2002,"Korea Republic, Japan",Brazil,5,2,3,3,False
2002,"Korea Republic, Japan",China PR,0,3,-3,0,False
2002,"Korea Republic, Japan",Italy,1,1,0,1,False
2002,"Korea Republic, Japan",Croatia,0,1,-1,0,False
2002,"Korea Republic, Japan",Argentina,1,1,0,1,False
2002,"Korea Republic, Japan",England,0,0,0,1,False
2002,"Korea Republic, Japan",Spain,3,2,1,3,False
2002,"Korea Republic, Japan",Paraguay,3,1,2,3,False
2002,"Korea Republic, Japan",France,0,2,-2,0,False
2002,"Korea Republic, Japan",Uruguay,3,3,0,1,False
2002,"Korea Republic, Japan",Republic of Ireland,3,0,3,3,False
2002,"Korea Republic, Japan",Germany,2,0,2,3,False
2002,"Korea Republic, Japan",United States,1,1,0,1,False
2002,"Korea Republic, Japan",Belgium,1,1,0,1,False
2002,"Korea Republic, Japan",Poland,0,4,-4,0,False
2002,"Korea Republic, Japan",Ecuador,1,2,-1,0,False
2002,"Korea Republic, Japan",Türkiye,1,1,0,1,False
2002,"Korea Republic, Japan",Russia,0,1,-1,0,False
2002,"Korea Republic, Japan",Slovenia,0,1,-1,0,False
2002,"Korea Republic, Japan",Croatia,2,1,1,3,False
2002,"Korea Republic, Japan",China PR,0,4,-4,0,False
2002,"Korea Republic, Japan",Nigeria,1,2,-1,0,False
2002,"Korea Republic, Japan",Paraguay,1,3,-2,0,False
2002,"Korea Republic, Japan",England,1,0,1,3,False
2002,"Korea Republic, Japan",Senegal,1,1,0,1,False
2002,"Korea Republic, Japan",Saudi Arabia,0,1,-1,0,False
2002,"Korea Republic, Japan",Uruguay,0,0,0,1,False
2002,"Korea Republic, Japan",Tunisia,0,2,-2,0,False
2002,"Korea Republic, Japan",Portugal,2,3,-1,0,False
2002,"Korea Republic, Japan",Republic of Ireland,1,1,0,1,False
2002,"Korea Republic, Japan",Costa Rica,2,0,2,3,False
2002,"Korea Republic, Japan",Belgium,2,2,0,1,False
2002,"Korea Republic, Japan",Poland,0,2,-2,0,False
2002,"Korea Republic, Japan",Mexico,1,0,1,3,False
2002,"Korea Republic, Japan",Türkiye,1,2,-1,0,False
2002,"Korea Republic, Japan",Ecuador,0,2,-2,0,False
2002,"Korea Republic, Japan",Nigeria,0,1,-1,0,False
2002,"Korea Republic, Japan",South Africa,2,2,0,1,False
2002,"Korea Republic, Japan",Sweden,1,1,0,1,False
2002,"Korea Republic, Japan",Slovenia,1,3,-2,0,False
2002,"Korea Republic, Japan",Cameroon,1,1,0,1,False
2002,"Korea Republic, Japan",Denmark,2,1,1,3,False
2002,"Korea Republic, Japan",Saudi Arabia,0,8,-8,0,False
2002,"Korea Republic, Japan",Senegal,1,0,1,3,False
1998,France,France,3,0,3,3,True
1998,France,Croatia,2,1,1,3,False
1998,France,Croatia,1,2,-1,0,False
1998,France,Netherlands,1,1,0,1,False
1998,France,Argentina,1,2,-1,0,False
1998,France,Croatia,3,0,3,3,False
1998,France,France,0,0,0,1,True
1998,France,Denmark,2,3,-1,0,False
1998,France,Croatia,1,0,1,3,False
1998,France,England,2,2,0,1,False
1998,France,Mexico,1,2,-1,0,False
1998,France,FR Yugoslavia,1,2,-1,0,False
1998,France,Paraguay,0,1,-1,0,False
1998,France,Denmark,4,1,3,3,False
1998,France,Norway,0,1,-1,0,False
1998,France,Chile,1,4,-3,0,False
1998,France,Croatia,0,1,-1,0,False
1998,France,Jamaica,2,1,1,3,False
1998,France,Tunisia,1,1,0,1,False
1998,France,England,2,0,2,3,False
1998,France,Mexico,2,2,0,1,False
1998,France,Korea Republic,1,1,0,1,False
1998,France,FR Yugoslavia,1,0,1,3,False
1998,France,IR Iran,0,2,-2,0,False
1998,France,Saudi Arabia,2,2,0,1,False
1998,France,Denmark,1,2,-1,0,False
1998,France,Bulgaria,1,6,-5,0,False
1998,France,Paraguay,3,1,2,3,False
1998,France,Austria,1,2,-1,0,False
1998,France,Cameroon,1,1,0,1,False
1998,France,Norway,2,1,1,3,False
1998,France,Morocco,3,0,3,3,False
1998,France,Tunisia,0,1,-1,0,False
1998,France,England,1,2,-1,0,False
1998,France,FR Yugoslavia,2,2,0,1,False
1998,France,Jamaica,0,5,-5,0,False
1998,France,IR Iran,2,1,1,3,False
1998,France,Croatia,1,0,1,3,False
1998,France,Mexico,2,2,0,1,False
1998,France,Korea Republic,0,5,-5,0,False
1998,France,Bulgaria,0,1,-1,0,False
1998,France,Paraguay,0,0,0,1,False
1998,France,Denmark,1,1,0,1,False
1998,France,Saudi Arabia,0,4,-4,0,False
1998,France,Austria,1,1,0,1,False
1998,France,Cameroon,0,3,-3,0,False
1998,France,Norway,1,1,0,1,False
1998,France,Morocco,0,3,-3,0,False
1998,France,Tunisia,0,2,-2,0,False
1998,France,Colombia,0,1,-1,0,False
1998,France,United States,0,2,-2,0,False
1998,France,Japan,0,1,-1,0,False
1998,France,IR Iran,0,1,-1,0,False
1998,France,Croatia,3,1,2,3,False
1998,France,Nigeria,3,2,1,3,False
1998,France,Mexico,3,1,2,3,False
1998,France,Belgium,0,0,0,1,False
1998,France,Bulgaria,0,0,0,1,False
1998,France,Denmark,1,0,1,3,False
1998,France,South Africa,0,3,-3,0,False
1998,France,Chile,2,2,0,1,False
1998,France,Austria,1,1,0,1,False
1998,France,Scotland,1,2,-1,0,False
1998,France,Norway,2,2,0,1,False
1994,United States,Italy,0,0,0,1,False
1994,United States,Bulgaria,0,4,-4,0,False
1994,United States,Italy,2,1,1,3,False
1994,United States,Brazil,1,0,1,3,False
1994,United States,Germany,1,2,-1,0,False
1994,United States,Sweden,2,2,0,1,False
1994,United States,Spain,1,2,-1,0,False
1994,United States,Brazil,3,2,1,3,False
1994,United States,Italy,2,1,1,3,False
1994,United States,Bulgaria,1,1,0,1,False
1994,United States,Republic of Ireland,0,2,-2,0,False
1994,United States,United States,0,1,-1,0,True
1994,United States,Sweden,3,1,2,3,False
1994,United States,Argentina,2,3,-1,0,False
1994,United States,Belgium,2,3,-1,0,False
1994,United States,Switzerland,0,3,-3,0,False
1994,United States,Nigeria,2,0,2,3,False
1994,United States,Bulgaria,2,0,2,3,False
1994,United States,Netherlands,2,1,1,3,False
1994,United States,Saudi Arabia,1,0,1,3,False
1994,United States,Mexico,1,1,0,1,False
1994,United States,Norway,0,0,0,1,False
1994,United States,Cameroon,1,6,-5,0,False
1994,United States,Sweden,1,1,0,1,False
1994,United States,Korea Republic,2,3,-1,0,False
1994,United States,Spain,3,1,2,3,False
1994,United States,Greece,0,4,-4,0,False
1994,United States,Romania,1,0,1,3,False
1994,United States,Colombia,2,0,2,3,False
1994,United States,Netherlands,0,1,-1,0,False
1994,United States,Morocco,1,2,-1,0,False
1994,United States,Nigeria,1,2,-1,0,False
1994,United States,Republic of Ireland,1,2,-1,0,False
1994,United States,Cameroon,0,3,-3,0,False
1994,United States,Russia,1,3,-2,0,False
1994,United States,Norway,0,1,-1,0,False
1994,United States,Bolivia,0,0,0,1,False
1994,United States,Switzerland,4,1,3,3,False
1994,United States,Colombia,1,2,-1,0,False
1994,United States,Greece,0,4,-4,0,False
1994,United States,Spain,1,1,0,1,False
1994,United States,Bulgaria,0,3,-3,0,False
1994,United States,Russia,0,2,-2,0,False
1994,United States,Saudi Arabia,1,2,-1,0,False
1994,United States,Morocco,0,1,-1,0,False
1994,United States,Mexico,0,1,-1,0,False
1994,United States,Sweden,2,2,0,1,False
1994,United States,Switzerland,1,1,0,1,False
1994,United States,Republic of Ireland,1,0,1,3,False
1994,United States,Romania,3,1,2,3,False
1994,United States,Bolivia,0,1,-1,0,False
1994,United States,Korea Republic,2,2,0,1,False
1990,Italy,Argentina,0,1,-1,0,False
1990,Italy,England,1,2,-1,0,False
1990,Italy,England,1,1,0,1,False
1990,Italy,Argentina,1,1,0,1,False
1990,Italy,Czech Republic,0,1,-1,0,False
1990,Italy,Cameroon,2,3,-1,0,False
1990,Italy,Argentina,0,0,0,1,False
1990,Italy,Republic of Ireland,0,1,-1,0,False
1990,Italy,Yugoslavia,2,1,1,3,False
1990,Italy,Belgium,0,1,-1,0,False
1990,Italy,Romania,0,0,0,1,False
1990,Italy,Uruguay,0,2,-2,0,False
1990,Italy,Argentina,1,0,1,3,False
1990,Italy,Netherlands,1,2,-1,0,False
1990,Italy,Colombia,1,2,-1,0,False
1990,Italy,Costa Rica,1,4,-3,0,False
1990,Italy,Spain,2,1,1,3,False
1990,Italy,Uruguay,1,0,1,3,False
1990,Italy,Netherlands,1,1,0,1,False
1990,Italy,Egypt,0,1,-1,0,False
1990,Italy,Costa Rica,2,1,1,3,False
1990,Italy,Scotland,0,1,-1,0,False
1990,Italy,Colombia,1,1,0,1,False
1990,Italy,United Arab Emirates,1,4,-3,0,False
1990,Italy,United States,1,2,-1,0,False
1990,Italy,Czech Republic,0,2,-2,0,False
1990,Italy,Romania,1,1,0,1,False
1990,Italy,Russia,4,0,4,3,False
1990,Italy,Egypt,0,0,0,1,False
1990,Italy,Uruguay,1,3,-2,0,False
1990,Italy,Spain,3,1,2,3,False
1990,Italy,Costa Rica,0,1,-1,0,False
1990,Italy,Netherlands,0,0,0,1,False
1990,Italy,Scotland,2,1,1,3,False
1990,Italy,Czech Republic,1,0,1,3,False
1990,Italy,United Arab Emirates,1,5,-4,0,False
1990,Italy,Colombia,0,1,-1,0,False
1990,Italy,Romania,1,2,-1,0,False
1990,Italy,United States,0,1,-1,0,False
1990,Italy,Spain,0,0,0,1,False
1990,Italy,Russia,0,2,-2,0,False
1990,Italy,Korea Republic,0,2,-2,0,False
1990,Italy,Egypt,1,1,0,1,False
1990,Italy,Scotland,0,1,-1,0,False
1990,Italy,Republic of Ireland,1,1,0,1,False
1990,Italy,Czech Republic,5,1,4,3,False
1990,Italy,Yugoslavia,1,4,-3,0,False
1990,Italy,Sweden,1,2,-1,0,False
1990,Italy,Colombia,2,0,2,3,False
1990,Italy,Romania,2,0,2,3,False
1990,Italy,Austria,0,1,-1,0,False
1990,Italy,Cameroon,1,0,1,3,False
1986,Mexico,Germany,2,3,-1,0,False
1986,Mexico,Belgium,2,4,-2,0,False
1986,Mexico,Germany,2,0,2,3,False
1986,Mexico,Belgium,0,2,-2,0,False
1986,Mexico,England,1,2,-1,0,False
1986,Mexico,Belgium,1,1,0,1,False
1986,Mexico,France,1,1,0,1,False
1986,Mexico,Mexico,0,0,0,1,True
1986,Mexico,Paraguay,0,3,-3,0,False
1986,Mexico,Spain,5,1,4,3,False
1986,Mexico,France,2,0,2,3,False
1986,Mexico,Germany,1,0,1,3,False
1986,Mexico,Poland,0,4,-4,0,False
1986,Mexico,Uruguay,0,1,-1,0,False
1986,Mexico,Bulgaria,0,2,-2,0,False
1986,Mexico,Belgium,4,3,1,3,False
1986,Mexico,Uruguay,0,0,0,1,False
1986,Mexico,Germany,0,2,-2,0,False
1986,Mexico,Spain,3,0,3,3,False
1986,Mexico,Brazil,3,0,3,3,False
1986,Mexico,Belgium,2,2,0,1,False
1986,Mexico,Mexico,1,0,1,3,True
1986,Mexico,Poland,0,3,-3,0,False
1986,Mexico,Morocco,3,1,2,3,False
1986,Mexico,Bulgaria,0,2,-2,0,False
1986,Mexico,Italy,3,2,1,3,False
1986,Mexico,Canada,0,2,-2,0,False
1986,Mexico,France,3,0,3,3,False
1986,Mexico,Scotland,1,2,-1,0,False
1986,Mexico,Belgium,2,1,1,3,False
1986,Mexico,Uruguay,1,6,-5,0,False
1986,Mexico,Paraguay,1,1,0,1,False
1986,Mexico,Spain,2,1,1,3,False
1986,Mexico,Portugal,0,1,-1,0,False
1986,Mexico,Algeria,0,1,-1,0,False
1986,Mexico,Canada,0,2,-2,0,False
1986,Mexico,Morocco,0,0,0,1,False
1986,Mexico,Argentina,1,1,0,1,False
1986,Mexico,Russia,1,1,0,1,False
1986,Mexico,Bulgaria,1,1,0,1,False
1986,Mexico,Iraq,0,1,-1,0,False
1986,Mexico,Germany,1,1,0,1,False
1986,Mexico,Denmark,1,0,1,3,False
1986,Mexico,Mexico,2,1,1,3,True
1986,Mexico,Northern Ireland,1,1,0,1,False
1986,Mexico,England,0,1,-1,0,False
1986,Mexico,Hungary,0,6,-6,0,False
1986,Mexico,Korea Republic,1,3,-2,0,False
1986,Mexico,Poland,0,0,0,1,False
1986,Mexico,Brazil,1,0,1,3,False
1986,Mexico,France,1,0,1,3,False
1986,Mexico,Italy,1,1,0,1,False
1982,Spain,Germany,1,3,-2,0,False
1982,Spain,France,2,3,-1,0,False
1982,Spain,Italy,2,0,2,3,False
1982,Spain,France,3,3,0,1,False
1982,Spain,Brazil,2,3,-1,0,False
1982,Spain,England,0,0,0,1,False
1982,Spain,Northern Ireland,1,4,-3,0,False
1982,Spain,Russia,0,0,0,1,False
1982,Spain,Brazil,3,1,2,3,False
1982,Spain,Spain,1,2,-1,0,True
1982,Spain,Northern Ireland,2,2,0,1,False
1982,Spain,Russia,1,0,1,3,False
1982,Spain,Argentina,1,2,-1,0,False
1982,Spain,England,0,0,0,1,False
1982,Spain,France,1,0,1,3,False
1982,Spain,Belgium,0,3,-3,0,False
1982,Spain,Kuwait,0,1,-1,0,False
1982,Spain,Austria,0,1,-1,0,False
1982,Spain,Spain,0,1,-1,0,True
1982,Spain,Czech Republic,1,1,0,1,False
1982,Spain,Chile,2,3,-1,0,False
1982,Spain,Yugoslavia,1,0,1,3,False
1982,Spain,Cameroon,1,1,0,1,False
1982,Spain,El Salvador,0,2,-2,0,False
1982,Spain,New Zealand,0,4,-4,0,False
1982,Spain,Peru,1,5,-4,0,False
1982,Spain,Hungary,1,1,0,1,False
1982,Spain,Scotland,2,2,0,1,False
1982,Spain,Austria,2,0,2,3,False
1982,Spain,Kuwait,1,4,-3,0,False
1982,Spain,Northern Ireland,1,1,0,1,False
1982,Spain,Chile,1,4,-3,0,False
1982,Spain,Czech Republic,0,2,-2,0,False
1982,Spain,Yugoslavia,1,2,-1,0,False
1982,Spain,Cameroon,0,0,0,1,False
1982,Spain,New Zealand,0,3,-3,0,False
1982,Spain,El Salvador,0,1,-1,0,False
1982,Spain,Peru,1,1,0,1,False
1982,Spain,Scotland,1,4,-3,0,False
1982,Spain,Hungary,1,4,-3,0,False
1982,Spain,Austria,1,0,1,3,False
1982,Spain,Kuwait,1,1,0,1,False
1982,Spain,Northern Ireland,0,0,0,1,False
1982,Spain,France,1,3,-2,0,False
1982,Spain,Algeria,2,1,1,3,False
1982,Spain,Honduras,1,1,0,1,False
1982,Spain,Cameroon,0,0,0,1,False
1982,Spain,El Salvador,1,10,-9,0,False
1982,Spain,New Zealand,2,5,-3,0,False
1982,Spain,Poland,0,0,0,1,False
1982,Spain,Russia,1,2,-1,0,False
1982,Spain,Belgium,1,0,1,3,False
1978,Argentina,Netherlands,1,3,-2,0,False
1978,Argentina,Italy,1,2,-1,0,False
1978,Argentina,Italy,1,2,-1,0,False
1978,Argentina,Germany,2,3,-1,0,False
1978,Argentina,Poland,1,3,-2,0,False
1978,Argentina,Peru,0,6,-6,0,False
1978,Argentina,Peru,0,1,-1,0,False
1978,Argentina,Netherlands,2,2,0,1,False
1978,Argentina,Austria,0,1,-1,0,False
1978,Argentina,Brazil,0,0,0,1,False
1978,Argentina,Austria,1,5,-4,0,False
1978,Argentina,Italy,0,0,0,1,False
1978,Argentina,Peru,0,3,-3,0,False
1978,Argentina,Poland,0,2,-2,0,False
1978,Argentina,Austria,0,1,-1,0,False
1978,Argentina,Sweden,0,1,-1,0,False
1978,Argentina,IR Iran,1,4,-3,0,False
1978,Argentina,Netherlands,2,3,-1,0,False
1978,Argentina,Hungary,1,3,-2,0,False
1978,Argentina,Mexico,1,3,-2,0,False
1978,Argentina,Tunisia,0,0,0,1,False
1978,Argentina,Argentina,0,1,-1,0,True
1978,Argentina,Sweden,0,1,-1,0,False
1978,Argentina,Spain,0,0,0,1,False
1978,Argentina,Peru,0,0,0,1,False
1978,Argentina,IR Iran,1,1,0,1,False
1978,Argentina,Hungary,1,3,-2,0,False
1978,Argentina,Mexico,0,6,-6,0,False
1978,Argentina,Tunisia,0,1,-1,0,False
1978,Argentina,France,1,2,-1,0,False
1978,Argentina,Brazil,1,1,0,1,False
1978,Argentina,Spain,1,2,-1,0,False
1978,Argentina,Scotland,1,3,-2,0,False
1978,Argentina,IR Iran,0,3,-3,0,False
1978,Argentina,France,1,2,-1,0,False
1978,Argentina,Mexico,1,3,-2,0,False
1978,Argentina,Hungary,1,2,-1,0,False
1978,Argentina,Poland,0,0,0,1,False
1974,Germany,Germany,2,1,1,3,True
1974,Germany,Poland,1,0,1,3,False
1974,Germany,Germany,1,0,1,3,True
1974,Germany,Brazil,0,2,-2,0,False
1974,Germany,Germany DR,1,1,0,1,False
1974,Germany,Yugoslavia,1,2,-1,0,False
1974,Germany,Yugoslavia,1,2,-1,0,False
1974,Germany,Brazil,2,1,1,3,False
1974,Germany,Netherlands,2,0,2,3,False
1974,Germany,Sweden,2,4,-2,0,False
1974,Germany,Germany,2,0,2,3,True
1974,Germany,Germany DR,0,1,-1,0,False
1974,Germany,Poland,1,0,1,3,False
1974,Germany,Argentina,0,4,-4,0,False
1974,Germany,Netherlands,4,1,3,3,False
1974,Germany,Italy,1,2,-1,0,False
1974,Germany,Uruguay,0,3,-3,0,False
1974,Germany,Haiti,1,4,-3,0,False
1974,Germany,Yugoslavia,1,1,0,1,False
1974,Germany,Chile,0,0,0,1,False
1974,Germany,Brazil,3,0,3,3,False
1974,Germany,Germany,0,1,-1,0,True
1974,Germany,Poland,7,0,7,3,False
1974,Germany,Uruguay,1,1,0,1,False
1974,Germany,Sweden,0,0,0,1,False
1974,Germany,Italy,1,1,0,1,False
1974,Germany,Germany,3,0,3,3,True
1974,Germany,Zaire,0,9,-9,0,False
1974,Germany,Germany DR,1,1,0,1,False
1974,Germany,Brazil,0,0,0,1,False
1974,Germany,Netherlands,2,0,2,3,False
1974,Germany,Bulgaria,0,0,0,1,False
1974,Germany,Haiti,1,3,-2,0,False
1974,Germany,Argentina,2,3,-1,0,False
1974,Germany,Chile,0,1,-1,0,False
1974,Germany,Australia,0,2,-2,0,False
1974,Germany,Scotland,2,0,2,3,False
1974,Germany,Yugoslavia,0,0,0,1,False
1970,Mexico,Italy,1,4,-3,0,False
1970,Mexico,Uruguay,0,1,-1,0,False
1970,Mexico,Germany,3,4,-1,0,False
1970,Mexico,Uruguay,1,3,-2,0,False
1970,Mexico,Peru,2,4,-2,0,False
1970,Mexico,Mexico,1,4,-3,0,True
1970,Mexico,Russia,0,1,-1,0,False
1970,Mexico,England,2,3,-1,0,False
1970,Mexico,Belgium,0,1,-1,0,False
1970,Mexico,Israel,0,0,0,1,False
1970,Mexico,Morocco,1,1,0,1,False
1970,Mexico,Czech Republic,0,1,-1,0,False
1970,Mexico,Peru,1,3,-2,0,False
1970,Mexico,Romania,2,3,-1,0,False
1970,Mexico,Uruguay,0,1,-1,0,False
1970,Mexico,El Salvador,0,2,-2,0,False
1970,Mexico,El Salvador,0,4,-4,0,False
1970,Mexico,England,0,1,-1,0,False
1970,Mexico,Bulgaria,2,5,-3,0,False
1970,Mexico,Israel,1,1,0,1,False
1970,Mexico,Czech Republic,1,2,-1,0,False
1970,Mexico,Italy,0,0,0,1,False
1970,Mexico,Belgium,1,4,-3,0,False
1970,Mexico,Morocco,0,3,-3,0,False
1970,Mexico,El Salvador,0,3,-3,0,False
1970,Mexico,Czech Republic,1,4,-3,0,False
1970,Mexico,Sweden,0,1,-1,0,False
1970,Mexico,Morocco,1,2,-1,0,False
1970,Mexico,Romania,0,1,-1,0,False
1970,Mexico,Bulgaria,2,3,-1,0,False
1970,Mexico,Israel,0,2,-2,0,False
1970,Mexico,Russia,0,0,0,1,False
1966,England,Germany,2,4,-2,0,False
1966,England,Russia,1,2,-1,0,False
1966,England,Portugal,1,2,-1,0,False
1966,England,Russia,1,2,-1,0,False
1966,England,Korea DPR,3,5,-2,0,False
1966,England,Argentina,0,1,-1,0,False
1966,England,Hungary,1,2,-1,0,False
1966,England,Uruguay,0,4,-4,0,False
1966,England,France,0,2,-2,0,False
1966,England,Bulgaria,1,3,-2,0,False
1966,England,Spain,1,2,-1,0,False
1966,England,Chile,1,2,-1,0,False
1966,England,Mexico,0,0,0,1,False
1966,England,Switzerland,0,2,-2,0,False
1966,England,Brazil,1,3,-2,0,False
1966,England,Italy,0,1,-1,0,False
1966,England,Argentina,0,0,0,1,False
1966,England,Italy,0,1,-1,0,False
1966,England,Bulgaria,0,3,-3,0,False
1966,England,Mexico,0,2,-2,0,False
1966,England,Switzerland,1,2,-1,0,False
1966,England,France,1,2,-1,0,False
1966,England,Brazil,1,3,-2,0,False
1966,England,Chile,1,1,0,1,False
1966,England,Spain,1,2,-1,0,False
1966,England,Mexico,1,1,0,1,False
1966,England,Chile,0,2,-2,0,False
1966,England,Hungary,1,3,-2,0,False
1966,England,Bulgaria,0,2,-2,0,False
1966,England,Korea DPR,0,3,-3,0,False
1966,England,Switzerland,0,5,-5,0,False
1966,England,Uruguay,0,0,0,1,False
1962,Chile,Czech Republic,1,3,-2,0,False
1962,Chile,Yugoslavia,0,1,-1,0,False
1962,Chile,Chile,2,4,-2,0,True
1962,Chile,Yugoslavia,1,3,-2,0,False
1962,Chile,Russia,1,2,-1,0,False
1962,Chile,England,1,3,-2,0,False
1962,Chile,Hungary,0,1,-1,0,False
1962,Chile,Germany,0,1,-1,0,False
1962,Chile,Bulgaria,0,0,0,1,False
1962,Chile,Czech Republic,1,3,-2,0,False
1962,Chile,Switzerland,0,3,-3,0,False
1962,Chile,Colombia,0,5,-5,0,False
1962,Chile,Chile,0,2,-2,0,True
1962,Chile,Uruguay,1,2,-1,0,False
1962,Chile,Argentina,0,0,0,1,False
1962,Chile,Spain,1,2,-1,0,False
1962,Chile,Mexico,0,1,-1,0,False
1962,Chile,Colombia,4,4,0,1,False
1962,Chile,Bulgaria,1,6,-5,0,False
1962,Chile,Switzerland,1,2,-1,0,False
1962,Chile,Italy,0,2,-2,0,False
1962,Chile,Czech Republic,0,0,0,1,False
1962,Chile,Argentina,1,3,-2,0,False
1962,Chile,Uruguay,1,3,-2,0,False
1962,Chile,Italy,0,0,0,1,False
1962,Chile,England,1,2,-1,0,False
1962,Chile,Spain,0,1,-1,0,False
1962,Chile,Yugoslavia,0,2,-2,0,False
1962,Chile,Switzerland,1,3,-2,0,False
1962,Chile,Colombia,1,2,-1,0,False
1962,Chile,Mexico,0,2,-2,0,False
1962,Chile,Bulgaria,0,1,-1,0,False
1958,Sweden,Sweden,2,5,-3,0,True
1958,Sweden,Germany,3,6,-3,0,False
1958,Sweden,Germany,1,3,-2,0,False
1958,Sweden,France,2,5,-3,0,False
1958,Sweden,Northern Ireland,0,4,-4,0,False
1958,Sweden,Yugoslavia,0,1,-1,0,False
1958,Sweden,Wales,0,1,-1,0,False
1958,Sweden,Russia,0,2,-2,0,False
1958,Sweden,Czech Republic,1,2,-1,0,False
1958,Sweden,Hungary,1,2,-1,0,False
1958,Sweden,England,0,1,-1,0,False
1958,Sweden,Wales,0,0,0,1,False
1958,Sweden,Yugoslavia,3,3,0,1,False
1958,Sweden,Northern Ireland,2,2,0,1,False
1958,Sweden,Argentina,1,6,-5,0,False
1958,Sweden,Austria,2,2,0,1,False
1958,Sweden,Russia,0,2,-2,0,False
1958,Sweden,Mexico,0,4,-4,0,False
1958,Sweden,Scotland,1,2,-1,0,False
1958,Sweden,Hungary,1,2,-1,0,False
1958,Sweden,Austria,0,2,-2,0,False
1958,Sweden,Czech Republic,2,2,0,1,False
1958,Sweden,Northern Ireland,1,3,-2,0,False
1958,Sweden,France,2,3,-1,0,False
1958,Sweden,Scotland,2,3,-1,0,False
1958,Sweden,England,0,0,0,1,False
1958,Sweden,Wales,1,1,0,1,False
1958,Sweden,Mexico,0,3,-3,0,False
1958,Sweden,Czech Republic,0,1,-1,0,False
1958,Sweden,Wales,1,1,0,1,False
1958,Sweden,Scotland,1,1,0,1,False
1958,Sweden,Austria,0,3,-3,0,False
1958,Sweden,England,2,2,0,1,False
1958,Sweden,Paraguay,3,7,-4,0,False
1958,Sweden,Germany,3,1,2,3,False
1954,Switzerland,Hungary,2,3,-1,0,False
1954,Switzerland,Uruguay,1,3,-2,0,False
1954,Switzerland,Uruguay,2,4,-2,0,False
1954,Switzerland,Austria,1,6,-5,0,False
1954,Switzerland,Yugoslavia,0,2,-2,0,False
1954,Switzerland,Brazil,2,4,-2,0,False
1954,Switzerland,England,2,4,-2,0,False
1954,Switzerland,Austria,7,5,2,3,False
1954,Switzerland,Türkiye,2,7,-5,0,False
1954,Switzerland,Italy,1,4,-3,0,False
1954,Switzerland,Germany,3,8,-5,0,False
1954,Switzerland,Korea Republic,0,7,-7,0,False
1954,Switzerland,Belgium,1,4,-3,0,False
1954,Switzerland,England,2,0,2,3,False
1954,Switzerland,Scotland,0,7,-7,0,False
1954,Switzerland,Yugoslavia,1,1,0,1,False
1954,Switzerland,Czech Republic,0,5,-5,0,False
1954,Switzerland,Mexico,2,3,-1,0,False
1954,Switzerland,Italy,1,2,-1,0,False
1954,Switzerland,Korea Republic,0,9,-9,0,False
1954,Switzerland,Türkiye,1,4,-3,0,False
1954,Switzerland,Belgium,4,4,0,1,False
1954,Switzerland,Czech Republic,0,2,-2,0,False
1954,Switzerland,France,0,1,-1,0,False
1954,Switzerland,Mexico,0,5,-5,0,False
1954,Switzerland,Scotland,0,1,-1,0,False
1950,Brazil,Spain,1,3,-2,0,False
1950,Brazil,Brazil,1,2,-1,0,True
1950,Brazil,Spain,1,6,-5,0,False
1950,Brazil,Sweden,2,3,-1,0,False
1950,Brazil,Sweden,1,7,-6,0,False
1950,Brazil,Spain,2,2,0,1,False
1950,Brazil,United States,2,5,-3,0,False
1950,Brazil,Paraguay,0,2,-2,0,False
1950,Brazil,Bolivia,0,8,-8,0,False
1950,Brazil,England,0,1,-1,0,False
1950,Brazil,Mexico,1,2,-1,0,False
1950,Brazil,Yugoslavia,0,2,-2,0,False
1950,Brazil,Chile,0,2,-2,0,False
1950,Brazil,England,0,1,-1,0,False
1950,Brazil,Paraguay,2,2,0,1,False
1950,Brazil,Switzerland,2,2,0,1,False
1950,Brazil,Mexico,1,4,-3,0,False
1950,Brazil,Italy,2,3,-1,0,False
1950,Brazil,Chile,0,2,-2,0,False
1950,Brazil,United States,1,3,-2,0,False
1950,Brazil,Switzerland,0,3,-3,0,False
1950,Brazil,Mexico,0,4,-4,0,False
1938,France,Sweden,2,4,-2,0,False
1938,France,Hungary,2,4,-2,0,False
1938,France,Sweden,1,5,-4,0,False
1938,France,Brazil,1,2,-1,0,False
1938,France,Czech Republic,1,2,-1,0,False
1938,France,Cuba,0,8,-8,0,False
1938,France,Czech Republic,1,1,0,1,False
1938,France,Switzerland,0,2,-2,0,False
1938,France,France,1,3,-2,0,True
1938,France,Germany,2,4,-2,0,False
1938,France,Romania,1,2,-1,0,False
1938,France,Norway,1,2,-1,0,False
1938,France,Romania,3,3,0,1,False
1938,France,Dutch East Indies,0,6,-6,0,False
1938,France,Belgium,1,3,-2,0,False
1938,France,Poland,5,6,-1,0,False
1938,France,Netherlands,0,3,-3,0,False
1938,France,Germany,1,1,0,1,False
1934,Italy,Czech Republic,1,2,-1,0,False
1934,Italy,Austria,2,3,-1,0,False
1934,Italy,Germany,1,3,-2,0,False
1934,Italy,Austria,0,1,-1,0,False
1934,Italy,Spain,0,1,-1,0,False
1934,Italy,Hungary,1,2,-1,0,False
1934,Italy,Switzerland,2,3,-1,0,False
1934,Italy,Spain,1,1,0,1,False
1934,Italy,Sweden,1,2,-1,0,False
1934,Italy,Romania,1,2,-1,0,False
1934,Italy,Egypt,2,4,-2,0,False
1934,Italy,France,2,3,-1,0,False
1934,Italy,Netherlands,2,3,-1,0,False
1934,Italy,Argentina,2,3,-1,0,False
1934,Italy,Brazil,1,3,-2,0,False
1934,Italy,Belgium,2,5,-3,0,False
1934,Italy,United States,1,7,-6,0,False
1930,Uruguay,Argentina,2,4,-2,0,False
1930,Uruguay,Yugoslavia,1,6,-5,0,False
1930,Uruguay,United States,1,6,-5,0,False
1930,Uruguay,Chile,1,3,-2,0,False
1930,Uruguay,Romania,0,4,-4,0,False
1930,Uruguay,Bolivia,0,4,-4,0,False
1930,Uruguay,Belgium,0,1,-1,0,False
1930,Uruguay,France,0,1,-1,0,False
1930,Uruguay,Mexico,3,6,-3,0,False
1930,Uruguay,Peru,0,1,-1,0,False
1930,Uruguay,Bolivia,0,4,-4,0,False
1930,Uruguay,Paraguay,0,3,-3,0,False
1930,Uruguay,Mexico,0,3,-3,0,False
1930,Uruguay,France,0,1,-1,0,False
1930,Uruguay,Brazil,1,2,-1,0,False
1930,Uruguay,Peru,1,3,-2,0,False
1930,Uruguay,Belgium,0,3,-3,0,False
1930,Uruguay,Mexico,1,4,-3,0,False
